species,commonName,order,family,length,wingspan
Abeillia abeillei,Emerald-chinned Hummingbird,Apodiformes,Trochilidae,28.97,48.05
Acanthidops bairdi,Peg-billed Finch,Passeriformes,Thraupidae,15.17,23.5
Accipiter striatus,Sharp-shinned Hawk,Accipitriformes,Accipitridae,42.09,9.15
Accipiter cooperii,Cooper's Hawk,Accipitriformes,Accipitridae,20.3,59.99
Accipiter gundlachi,Gundlach's Hawk,Accipitriformes,Accipitridae,14.66,29.68
Accipiter bicolor,Bicolored Hawk,Accipitriformes,Accipitridae,51.07,68.54
Accipiter gentilis,Northern Goshawk,Accipitriformes,Accipitridae,38.93,107.14
Acridotheres tristis,Common Myna,Passeriformes,Sturnidae,33.62,28.27
Acrocephalus familiaris,Millerbird,Passeriformes,Acrocephalidae,37.14,17.41
Acrocephalus schoenobaenus,Sedge Warbler,Passeriformes,Acrocephalidae,31.68,47.57
Acrocephalus dumetorum,Blyth's Reed Warbler,Passeriformes,Acrocephalidae,37.55,59.97
Aechmophorus occidentalis,Western Grebe,Podicipediformes,Podicipedidae,33.03,69.74
Aechmophorus clarkii,Clark's Grebe,Podicipediformes,Podicipedidae,35.55,58.23
Aegolius funereus,Boreal Owl,Strigiformes,Strigidae,21.56,58.05
Aegolius acadicus,Northern Saw-whet Owl,Strigiformes,Strigidae,56.67,53.09
Aegolius ridgwayi,Unspotted Saw-whet Owl,Strigiformes,Strigidae,26.42,45.26
Aerodramus bartschi,Mariana Swiftlet,Apodiformes,Apodidae,25.96,48.92
Aeronautes saxatalis,White-throated Swift,Apodiformes,Apodidae,9.33,-14.35
Aethia psittacula,Parakeet Auklet,Charadriiformes,Alcidae,45.5,33.26
Aethia pusilla,Least Auklet,Charadriiformes,Alcidae,23.41,55.9
Aethia pygmaea,Whiskered Auklet,Charadriiformes,Alcidae,25.02,60.68
Aethia cristatella,Crested Auklet,Charadriiformes,Alcidae,-3.03,64.47
Agamia agami,Agami Heron,Pelecaniformes,Ardeidae,31.35,52.27
Agelaius humeralis,Tawny-shouldered Blackbird,Passeriformes,Icteridae,15.51,68.41
Agelaius xanthomus,Yellow-shouldered Blackbird,Passeriformes,Icteridae,29.14,31.84
Aimophila rufescens,Rusty Sparrow,Passeriformes,Passerellidae,23.29,77.76
Aimophila ruficeps,Rufous-crowned Sparrow,Passeriformes,Passerellidae,34.55,22.88
Aimophila notosticta,Oaxaca Sparrow,Passeriformes,Passerellidae,35.08,100.36
Alauda arvensis,Eurasian Skylark,Passeriformes,Alaudidae,33.28,39.25
Alca torda,Razorbill,Charadriiformes,Alcidae,29.91,54.6
Alectoris chukar,Chukar,Galliformes,Phasianidae,30.94,42.35
Alle alle,Dovekie,Charadriiformes,Alcidae,26.64,12.31
Allenia fusca,Scaly-breasted Thrasher,Passeriformes,Mimidae,45.68,43.87
Amandava amandava,Red Avadavat,Passeriformes,Estrildidae,21.06,68.34
Amaurolimnas concolor,Uniform Crake,Gruiformes,Rallidae,14.88,56.1
Ammodramus savannarum,Grasshopper Sparrow,Passeriformes,Passerellidae,29.09,42.52
Amphispiza quinquestriata,Five-striped Sparrow,Passeriformes,Passerellidae,18.22,25.07
Amphispiza bilineata,Black-throated Sparrow,Passeriformes,Passerellidae,24.45,11.61
Amphispizopsis quinquestriata,Five-striped Sparrow,Passeriformes,Passerellidae,22.9,55.6
Androdon aequatorialis,Tooth-billed Hummingbird,Apodiformes,Trochilidae,12.2,22.08
Anser canagicus,Emperor Goose,Anseriformes,Anatidae,43.46,58.28
Anser caerulescens,Snow Goose,Anseriformes,Anatidae,42.66,57.31
Anser rossii,Ross's Goose,Anseriformes,Anatidae,24.24,59.8
Anser anser,Graylag Goose,Anseriformes,Anatidae,21.57,40.6
Anser albifrons,Greater White-fronted Goose,Anseriformes,Anatidae,19.12,41.23
Anser erythropus,Lesser White-fronted Goose,Anseriformes,Anatidae,28.57,35.85
Anser fabalis,Taiga Bean-Goose,Anseriformes,Anatidae,47.46,64.43
Anser serrirostris,Tundra Bean-Goose,Anseriformes,Anatidae,15.78,42.32
Anser brachyrhynchus,Pink-footed Goose,Anseriformes,Anatidae,23.67,68.65
Anthus trivialis,Tree Pipit,Passeriformes,Motacillidae,23.22,90.03
Anthus rubescens,American Pipit,Passeriformes,Motacillidae,43.16,63.61
Anthus pratensis,Meadow Pipit,Passeriformes,Motacillidae,43.45,45.36
Anthus spragueii,Sprague's Pipit,Passeriformes,Motacillidae,42.8,124.03
Anthus lutescens,Yellowish Pipit,Passeriformes,Motacillidae,31.38,87.62
Antigone canadensis,Sandhill Crane,Gruiformes,Gruidae,25.82,85.87
Antrostomus vociferus,Eastern Whip-poor-will,Caprimulgiformes,Caprimulgidae,41.22,35.89
Antrostomus saturatus,Dusky Nightjar,Caprimulgiformes,Caprimulgidae,35.31,35.47
Antrostomus arizonae,Mexican Whip-poor-will,Caprimulgiformes,Caprimulgidae,15.25,51.68
Antrostomus noctitherus,Puerto Rican Nightjar,Caprimulgiformes,Caprimulgidae,21.42,59.77
Aphelocoma woodhouseii,Woodhouse's Scrub-Jay,Passeriformes,Corvidae,21.47,71.78
Aphelocoma ultramarina,Transvolcanic Jay,Passeriformes,Corvidae,19.21,96.36
Aphelocoma wollweberi,Mexican Jay,Passeriformes,Corvidae,30.56,68.16
Aphelocoma unicolor,Unicolored Jay,Passeriformes,Corvidae,42.6,60.11
Apus apus,Common Swift,Apodiformes,Apodidae,15.42,85.08
Apus pacificus,Fork-tailed Swift,Apodiformes,Apodidae,23.11,63.73
Apus melba,Alpine Swift,Apodiformes,Apodidae,17.35,36.49
Aquila chrysaetos,Golden Eagle,Accipitriformes,Accipitridae,38.75,43.86
Aramides axillaris,Rufous-necked Wood-Rail,Gruiformes,Rallidae,17.83,31.25
Aramides albiventris,Russet-naped Wood-Rail,Gruiformes,Rallidae,39.9,48.48
Aramides cajaneus,Gray-cowled Wood-Rail,Gruiformes,Rallidae,47.33,30.88
Aramus guarauna,Limpkin,Gruiformes,Aramidae,38.02,69.62
Archilochus colubris,Ruby-throated Hummingbird,Apodiformes,Trochilidae,25.81,7.65
Archilochus alexandri,Black-chinned Hummingbird,Apodiformes,Trochilidae,26.4,61.11
Ardea herodias,Great Blue Heron,Pelecaniformes,Ardeidae,17.6,27.82
Ardea cinerea,Gray Heron,Pelecaniformes,Ardeidae,22.03,22.85
Ardea cocoi,Cocoi Heron,Pelecaniformes,Ardeidae,39.29,20.97
Ardea purpurea,Purple Heron,Pelecaniformes,Ardeidae,9.1,4.38
Ardea alba,Great Egret,Pelecaniformes,Ardeidae,27.11,30.32
Ardenna pacifica,Wedge-tailed Shearwater,Procellariiformes,Procellariidae,20.76,42.91
Ardenna bulleri,Buller's Shearwater,Procellariiformes,Procellariidae,25.93,3
Ardeola bacchus,Chinese Pond-Heron,Pelecaniformes,Ardeidae,37.88,50.25
Arremonops rufivirgatus,Olive Sparrow,Passeriformes,Passerellidae,16.49,46
Arremonops chloronotus,Green-backed Sparrow,Passeriformes,Passerellidae,27.39,40.95
Arremonops conirostris,Black-striped Sparrow,Passeriformes,Passerellidae,7.47,39.05
Artemisiospiza nevadensis,Sagebrush Sparrow,Passeriformes,Passerellidae,18.13,57.83
Artemisiospiza belli,Bell's Sparrow,Passeriformes,Passerellidae,42.96,81.15
Arundinax aedon,Thick-billed Warbler,Passeriformes,Acrocephalidae,28.37,65.93
Asio otus,Long-eared Owl,Strigiformes,Strigidae,43.38,43.02
Asio stygius,Stygian Owl,Strigiformes,Strigidae,22.96,49.86
Asio flammeus,Short-eared Owl,Strigiformes,Strigidae,44.33,37.93
Asio clamator,Striped Owl,Strigiformes,Strigidae,10.96,53.64
Asio grammicus,Jamaican Owl,Strigiformes,Strigidae,29.73,63.03
Aspatha gularis,Blue-throated Motmot,Coraciiformes,Momotidae,25.57,29.06
Athene cunicularia,Burrowing Owl,Strigiformes,Strigidae,25.23,35.33
Atlapetes pileatus,Rufous-capped Brushfinch,Passeriformes,Passerellidae,35.66,59.04
Atlapetes albinucha,White-naped Brushfinch,Passeriformes,Passerellidae,25.21,75.71
Atlapetes tibialis,Yellow-thighed Brushfinch,Passeriformes,Passerellidae,34.56,73.32
Atlapetes luteoviridis,Yellow-green Brushfinch,Passeriformes,Passerellidae,11.75,67.43
Atticora pileata,Black-capped Swallow,Passeriformes,Hirundinidae,34.16,24.45
Atticora tibialis,White-thighed Swallow,Passeriformes,Hirundinidae,18.23,36.73
Auriparus flaviceps,Verdin,Passeriformes,Remizidae,26.63,44.96
Automolus exsertus,Chiriqui Foliage-gleaner,Passeriformes,Furnariidae,18.35,70.79
Automolus subulatus,Striped Woodhaunter,Passeriformes,Furnariidae,28.45,17.39
Baeolophus wollweberi,Bridled Titmouse,Passeriformes,Paridae,44.63,44.23
Baeolophus inornatus,Oak Titmouse,Passeriformes,Paridae,25.93,36.43
Baeolophus ridgwayi,Juniper Titmouse,Passeriformes,Paridae,24.8,36.2
Baeolophus bicolor,Tufted Titmouse,Passeriformes,Paridae,35.38,64.64
Baeolophus atricristatus,Black-crested Titmouse,Passeriformes,Paridae,40.15,80.87
Bartramia longicauda,Upland Sandpiper,Charadriiformes,Scolopacidae,24.93,66.31
Bonasa umbellus,Ruffed Grouse,Galliformes,Phasianidae,18.24,60.85
Botaurus pinnatus,Pinnated Bittern,Pelecaniformes,Ardeidae,23.26,35.35
Botaurus lentiginosus,American Bittern,Pelecaniformes,Ardeidae,36.66,73.16
Brachygalba salmoni,Dusky-backed Jacamar,Piciformes,Galbulidae,34.87,49.16
Branta bernicla,Brant,Anseriformes,Anatidae,23.19,66.9
Branta leucopsis,Barnacle Goose,Anseriformes,Anatidae,32.68,47.5
Branta hutchinsii,Cackling Goose,Anseriformes,Anatidae,23.85,30.12
Branta canadensis,Canada Goose,Anseriformes,Anatidae,24.17,39.3
Bubulcus ibis,Cattle Egret,Pelecaniformes,Ardeidae,25.92,29.07
Bucephala albeola,Bufflehead,Anseriformes,Anatidae,35.95,57.15
Bucephala clangula,Common Goldeneye,Anseriformes,Anatidae,25.12,90.56
Bucephala islandica,Barrow's Goldeneye,Anseriformes,Anatidae,18.35,37.5
Burhinus bistriatus,Double-striped Thick-knee,Charadriiformes,Burhinidae,27.76,92.01
Busarellus nigricollis,Black-collared Hawk,Accipitriformes,Accipitridae,24.68,52.06
Buteo brachyurus,Short-tailed Hawk,Accipitriformes,Accipitridae,29.07,28.46
Buteo swainsoni,Swainson's Hawk,Accipitriformes,Accipitridae,25.16,42.96
Buteo albonotatus,Zone-tailed Hawk,Accipitriformes,Accipitridae,37.17,52.78
Buteo jamaicensis,Red-tailed Hawk,Accipitriformes,Accipitridae,27.79,1.51
Buteo lagopus,Rough-legged Hawk,Accipitriformes,Accipitridae,21.4,19.94
Buteo regalis,Ferruginous Hawk,Accipitriformes,Accipitridae,28.68,79.18
Buteo rufinus,Long-legged Buzzard,Accipitriformes,Accipitridae,26.49,45.25
Buteogallus anthracinus,Common Black Hawk,Accipitriformes,Accipitridae,19.39,47.86
Buteogallus gundlachii,Cuban Black Hawk,Accipitriformes,Accipitridae,13.73,55.87
Buteogallus meridionalis,Savanna Hawk,Accipitriformes,Accipitridae,33.82,48.08
Buteogallus urubitinga,Great Black Hawk,Accipitriformes,Accipitridae,21.45,35.26
Buteogallus solitarius,Solitary Eagle,Accipitriformes,Accipitridae,37.19,59.23
Butorides virescens,Green Heron,Pelecaniformes,Ardeidae,32.39,23.33
Butorides striata,Striated Heron,Pelecaniformes,Ardeidae,23.05,62
Calamospiza melanocorys,Lark Bunting,Passeriformes,Passerellidae,20.1,94.96
Calcarius lapponicus,Lapland Longspur,Passeriformes,Calcariidae,29.34,62.1
Calcarius ornatus,Chestnut-collared Longspur,Passeriformes,Calcariidae,22.5,35.36
Calcarius pictus,Smith's Longspur,Passeriformes,Calcariidae,19.44,81.99
Callipepla squamata,Scaled Quail,Galliformes,Odontophoridae,41.93,33.19
Callipepla douglasii,Elegant Quail,Galliformes,Odontophoridae,15.02,62.85
Callipepla gambelii,Gambel's Quail,Galliformes,Odontophoridae,31.95,38.04
Calliphlox bryantae,Magenta-throated Woodstar,Apodiformes,Trochilidae,29.21,91.51
Calliphlox mitchellii,Purple-throated Woodstar,Apodiformes,Trochilidae,29.83,57.99
Calonectris leucomelas,Streaked Shearwater,Procellariiformes,Procellariidae,22.34,37.34
Calonectris diomedea,Cory's Shearwater,Procellariiformes,Procellariidae,27.91,25.33
Calonectris edwardsii,Cape Verde Shearwater,Procellariiformes,Procellariidae,19.16,70.19
Calothorax lucifer,Lucifer Hummingbird,Apodiformes,Trochilidae,20.28,16.46
Calothorax pulcher,Beautiful Hummingbird,Apodiformes,Trochilidae,11.01,65.62
Calypte anna,Anna's Hummingbird,Apodiformes,Trochilidae,37.08,44.44
Calypte costae,Costa's Hummingbird,Apodiformes,Trochilidae,39.94,70.82
Calyptophilus tertius,Western Chat-Tanager,Passeriformes,Calyptophilidae,43.21,23.06
Calyptophilus frugivorus,Eastern Chat-Tanager,Passeriformes,Calyptophilidae,33.93,64.54
Camptostoma imberbe,Northern Beardless-Tyrannulet,Passeriformes,Tyrannidae,23.61,71.39
Camptostoma obsoletum,Southern Beardless-Tyrannulet,Passeriformes,Tyrannidae,38.67,66.64
Campylopterus hemileucurus,Violet Sabrewing,Apodiformes,Trochilidae,38.75,68.76
Canachites canadensis,Spruce Grouse,Galliformes,Phasianidae,37.98,58.54
Cantorchilus elutus,Isthmian Wren,Passeriformes,Troglodytidae,29.94,41.75
Cantorchilus nigricapillus,Bay Wren,Passeriformes,Troglodytidae,41.01,52.11
Cantorchilus semibadius,Riverside Wren,Passeriformes,Troglodytidae,17.53,35.06
Cantorchilus leucotis,Buff-breasted Wren,Passeriformes,Troglodytidae,22.09,46.36
Caprimulgus jotaka,Gray Nightjar,Caprimulgiformes,Caprimulgidae,26.22,37.28
Capsiempis flaveola,Yellow Tyrannulet,Passeriformes,Tyrannidae,12.17,93.81
Caracara plancus,Crested Caracara,Falconiformes,Falconidae,27.67,19.25
Caracara cheriway,Crested Caracara,Falconiformes,Falconidae,22.74,103.3
Caracara lutosa,Guadalupe Caracara,Falconiformes,Falconidae,27.18,49.37
Cardellina canadensis,Canada Warbler,Passeriformes,Parulidae,31.75,39.63
Cardellina pusilla,Wilson's Warbler,Passeriformes,Parulidae,34.96,58.94
Cardellina rubrifrons,Red-faced Warbler,Passeriformes,Parulidae,19.63,91.12
Cardellina rubra,Red Warbler,Passeriformes,Parulidae,22.85,48.09
Cardellina versicolor,Pink-headed Warbler,Passeriformes,Parulidae,31,83.54
Caryothraustes poliogaster,Black-faced Grosbeak,Passeriformes,Cardinalidae,11.16,61.98
Caryothraustes canadensis,Yellow-green Grosbeak,Passeriformes,Cardinalidae,21.9,78.69
Catharopeza bishopi,Whistling Warbler,Passeriformes,Parulidae,32.08,59.41
Cathartes aura,Turkey Vulture,Cathartiformes,Cathartidae,23.46,40.35
Cathartes burrovianus,Lesser Yellow-headed Vulture,Cathartiformes,Cathartidae,27.49,55.79
Catharus gracilirostris,Black-billed Nightingale-Thrush,Passeriformes,Turdidae,31.37,70.91
Catharus aurantiirostris,Orange-billed Nightingale-Thrush,Passeriformes,Turdidae,24.66,65.72
Catharus dryas,Yellow-throated Nightingale-Thrush,Passeriformes,Turdidae,15.33,27.43
Catharus fuscescens,Veery,Passeriformes,Turdidae,19.82,7.99
Catharus minimus,Gray-cheeked Thrush,Passeriformes,Turdidae,24.37,66.27
Catharus bicknelli,Bicknell's Thrush,Passeriformes,Turdidae,12.52,48.66
Catharus ustulatus,Swainson's Thrush,Passeriformes,Turdidae,13.46,62.53
Catharus guttatus,Hermit Thrush,Passeriformes,Turdidae,31.39,78.78
Centrocercus urophasianus,Greater Sage-Grouse,Galliformes,Phasianidae,22.78,102.92
Centrocercus minimus,Gunnison Sage-Grouse,Galliformes,Phasianidae,29.52,26.01
Cepphus grylle,Black Guillemot,Charadriiformes,Alcidae,21.08,41.9
Cepphus columba,Pigeon Guillemot,Charadriiformes,Alcidae,24.49,47.36
Cerorhinca monocerata,Rhinoceros Auklet,Charadriiformes,Alcidae,25.5,57.87
Certhia americana,Brown Creeper,Passeriformes,Certhiidae,34.26,67.31
Chaetura cinereiventris,Gray-rumped Swift,Apodiformes,Apodidae,32.23,53.75
Chaetura spinicaudus,Band-rumped Swift,Apodiformes,Apodidae,33.03,55.62
Chaetura fumosa,Costa Rican Swift,Apodiformes,Apodidae,34.88,43.17
Chaetura martinica,Lesser Antillean Swift,Apodiformes,Apodidae,14.79,32.71
Chaetura pelagica,Chimney Swift,Apodiformes,Apodidae,38.88,72.81
Chaetura vauxi,Vaux's Swift,Apodiformes,Apodidae,28.44,63.43
Chaetura chapmani,Chapman's Swift,Apodiformes,Apodidae,31.22,13.25
Chaetura meridionalis,Sick's Swift,Apodiformes,Apodidae,29.39,51.38
Chaetura brachyura,Short-tailed Swift,Apodiformes,Apodidae,29.95,49.19
Chalybura urochrysia,Bronze-tailed Plumeleteer,Apodiformes,Trochilidae,23.74,92.33
Chalybura buffonii,White-vented Plumeleteer,Apodiformes,Trochilidae,31.32,52.59
Chamaepetes unicolor,Black Guan,Galliformes,Cracidae,32.84,47.35
Charadrius mongolus,Lesser Sand-Plover,Charadriiformes,Charadriidae,47.85,60.93
Charadrius leschenaultii,Greater Sand-Plover,Charadriiformes,Charadriidae,27.95,22.56
Charadrius veredus,Oriental Plover,Charadriiformes,Charadriidae,32.81,40.86
Charadrius wilsonia,Wilson's Plover,Charadriiformes,Charadriidae,16.68,66.42
Charadrius collaris,Collared Plover,Charadriiformes,Charadriidae,35.07,63.7
Charadrius montanus,Mountain Plover,Charadriiformes,Charadriidae,41.96,59.14
Charadrius nivosus,Snowy Plover,Charadriiformes,Charadriidae,28.48,60.07
Chlidonias niger,Black Tern,Charadriiformes,Laridae,21.77,49.67
Chlidonias leucopterus,White-winged Tern,Charadriiformes,Laridae,29.03,22.52
Chlidonias hybrida,Whiskered Tern,Charadriiformes,Laridae,28.07,37.45
Chlorestes candida,White-bellied Emerald,Apodiformes,Trochilidae,25.76,47.38
Chlorestes eliciae,Blue-throated Goldentail,Apodiformes,Trochilidae,42.57,39.03
Chlorestes julie,Violet-bellied Hummingbird,Apodiformes,Trochilidae,33.43,52.5
Chloridops kona,Kona Grosbeak,Passeriformes,Fringillidae,12.7,44.01
Chloroceryle amazona,Amazon Kingfisher,Coraciiformes,Alcedinidae,34.59,12.86
Chloroceryle aenea,American Pygmy Kingfisher,Coraciiformes,Alcedinidae,40.64,48.74
Chloroceryle americana,Green Kingfisher,Coraciiformes,Alcedinidae,41.43,33.03
Chloroceryle inda,Green-and-rufous Kingfisher,Coraciiformes,Alcedinidae,16.3,88.78
Chlorophonia elegantissima,Elegant Euphonia,Passeriformes,Fringillidae,27.7,26.39
Chlorophonia musica,Antillean Euphonia,Passeriformes,Fringillidae,10.08,40.33
Chlorophonia flavirostris,Yellow-collared Chlorophonia,Passeriformes,Fringillidae,19.43,43.18
Chlorophonia occipitalis,Blue-crowned Chlorophonia,Passeriformes,Fringillidae,28.88,4.12
Chlorophonia callophrys,Golden-browed Chlorophonia,Passeriformes,Fringillidae,22.57,14.07
Chlorothraupis carmioli,Carmiol's Tanager,Passeriformes,Cardinalidae,33.01,77.55
Chlorothraupis olivacea,Lemon-spectacled Tanager,Passeriformes,Cardinalidae,28.19,120.37
Chondestes grammacus,Lark Sparrow,Passeriformes,Passerellidae,12.7,94.52
Chondrohierax uncinatus,Hook-billed Kite,Accipitriformes,Accipitridae,35.03,49.17
Chordeiles acutipennis,Lesser Nighthawk,Caprimulgiformes,Caprimulgidae,31.05,14.01
Chordeiles minor,Common Nighthawk,Caprimulgiformes,Caprimulgidae,30.92,48.75
Chordeiles gundlachii,Antillean Nighthawk,Caprimulgiformes,Caprimulgidae,20.01,33.02
Chroicocephalus philadelphia,Bonaparte's Gull,Charadriiformes,Laridae,18.53,33.37
Chroicocephalus cirrocephalus,Gray-hooded Gull,Charadriiformes,Laridae,26.23,21.21
Chroicocephalus ridibundus,Black-headed Gull,Charadriiformes,Laridae,31.2,26.86
Chrysomus icterocephalus,Yellow-hooded Blackbird,Passeriformes,Icteridae,38.23,38.28
Ciccaba virgata,Mottled Owl,Strigiformes,Strigidae,26.19,59.07
Ciccaba nigrolineata,Black-and-white Owl,Strigiformes,Strigidae,19.36,18.31
Ciconia maguari,Maguari Stork,Ciconiiformes,Ciconiidae,41.62,9.72
Cinclocerthia ruficauda,Brown Trembler,Passeriformes,Mimidae,24.92,30.9
Cinclocerthia gutturalis,Gray Trembler,Passeriformes,Mimidae,21.41,35.58
Cinclus mexicanus,American Dipper,Passeriformes,Cinclidae,37.22,20.35
Ciridops anna,Ula-ai-hawane,Passeriformes,Fringillidae,15.05,79.05
Cistothorus stellaris,Sedge Wren,Passeriformes,Troglodytidae,13.49,28.56
Cistothorus platensis,Grass Wren,Passeriformes,Troglodytidae,32.77,39.02
Cistothorus palustris,Marsh Wren,Passeriformes,Troglodytidae,40.48,86.22
Clangula hyemalis,Long-tailed Duck,Anseriformes,Anatidae,15.92,67.46
Claravis pretiosa,Blue Ground Dove,Columbiformes,Columbidae,53.81,46.7
Cnipodectes subbrunneus,Brownish Twistwing,Passeriformes,Tyrannidae,30.27,33.63
Coccyzus euleri,Pearly-breasted Cuckoo,Cuculiformes,Cuculidae,29.82,41.89
Coccyzus minor,Mangrove Cuckoo,Cuculiformes,Cuculidae,15.63,101.31
Coccyzus ferrugineus,Cocos Cuckoo,Cuculiformes,Cuculidae,29.73,67.73
Coccyzus erythropthalmus,Black-billed Cuckoo,Cuculiformes,Cuculidae,17.7,55.33
Coccyzus lansbergi,Gray-capped Cuckoo,Cuculiformes,Cuculidae,29.36,46.3
Coccyzus pluvialis,Chestnut-bellied Cuckoo,Cuculiformes,Cuculidae,29.86,-7.26
Coccyzus rufigularis,Bay-breasted Cuckoo,Cuculiformes,Cuculidae,40.47,39.59
Coccyzus vetula,Jamaican Lizard-Cuckoo,Cuculiformes,Cuculidae,16.05,37.97
Coccyzus vieilloti,Puerto Rican Lizard-Cuckoo,Cuculiformes,Cuculidae,28.86,47.71
Coccyzus merlini,Great Lizard-Cuckoo,Cuculiformes,Cuculidae,20.53,71.9
Coccyzus longirostris,Hispaniolan Lizard-Cuckoo,Cuculiformes,Cuculidae,13.16,48.87
Cochlearius cochlearius,Boat-billed Heron,Pelecaniformes,Ardeidae,41.62,68.95
Colibri delphinae,Brown Violetear,Apodiformes,Trochilidae,34.18,39.61
Colibri thalassinus,Mexican Violetear,Apodiformes,Trochilidae,34.03,17.03
Colibri cyanotus,Lesser Violetear,Apodiformes,Trochilidae,23.24,52.37
Colinus virginianus,Northern Bobwhite,Galliformes,Odontophoridae,7.79,66.59
Colinus nigrogularis,Black-throated Bobwhite,Galliformes,Odontophoridae,24.55,53.27
Colinus cristatus,Crested Bobwhite,Galliformes,Odontophoridae,39.32,46.18
Colonia colonus,Long-tailed Tyrant,Passeriformes,Tyrannidae,9.24,32.74
Columba livia,Rock Pigeon,Columbiformes,Columbidae,25.43,60.11
Columba palumbus,Common Wood Pigeon,Columbiformes,Columbidae,34.9,57.61
Columbina inca,Inca Dove,Columbiformes,Columbidae,27.25,86.43
Columbina passerina,Common Ground Dove,Columbiformes,Columbidae,30.37,70.27
Columbina minuta,Plain-breasted Ground Dove,Columbiformes,Columbidae,49.33,49.2
Columbina talpacoti,Ruddy Ground Dove,Columbiformes,Columbidae,21.03,61.02
Copsychus malabaricus,White-rumped Shama,Passeriformes,Muscicapidae,41.25,49.15
Coragyps atratus,Black Vulture,Cathartiformes,Cathartidae,20.26,31.77
Corvus monedula,Eurasian Jackdaw,Passeriformes,Corvidae,17.45,64.06
Corvus frugilegus,Rook,Passeriformes,Corvidae,4.89,56.53
Corvus brachyrhynchos,American Crow,Passeriformes,Corvidae,55.87,52.13
Corvus cornix,Hooded Crow,Passeriformes,Corvidae,11.14,22.58
Corvus jamaicensis,Jamaican Crow,Passeriformes,Corvidae,19.57,48.27
Corvus sinaloae,Sinaloa Crow,Passeriformes,Corvidae,33.09,60.26
Corvus ossifragus,Fish Crow,Passeriformes,Corvidae,36.1,75.06
Corvus corax,Common Raven,Passeriformes,Corvidae,19.64,50.23
Coturnix japonica,Japanese Quail,Galliformes,Phasianidae,15.14,66.54
Crax rubra,Great Curassow,Galliformes,Cracidae,34.36,56.11
Creagrus furcatus,Swallow-tailed Gull,Charadriiformes,Laridae,12.98,27.74
Crex crex,Corn Crake,Gruiformes,Rallidae,18.23,28.35
Cryptoleucopteryx plumbea,Plumbeous Hawk,Accipitriformes,Accipitridae,32.06,58.65
Crypturellus soui,Little Tinamou,Tinamiformes,Tinamidae,25.23,16.45
Crypturellus cinnamomeus,Thicket Tinamou,Tinamiformes,Tinamidae,20.92,42.16
Crypturellus boucardi,Slaty-breasted Tinamou,Tinamiformes,Tinamidae,26.22,66.88
Crypturellus kerriae,Choco Tinamou,Tinamiformes,Tinamidae,8.5,53.14
Cyanecula svecica,Bluethroat,Passeriformes,Muscicapidae,35.45,78.26
Cyanerpes lucidus,Shining Honeycreeper,Passeriformes,Thraupidae,14.89,69.34
Cyanerpes caeruleus,Purple Honeycreeper,Passeriformes,Thraupidae,55.45,51.43
Cyanerpes cyaneus,Red-legged Honeycreeper,Passeriformes,Thraupidae,26.97,15.53
Cyanocitta stelleri,Steller's Jay,Passeriformes,Corvidae,29.37,40.57
Cyanocitta cristata,Blue Jay,Passeriformes,Corvidae,24.87,67.04
Cyanolimnas cerverai,Zapata Rail,Gruiformes,Rallidae,12.12,34.95
Cyanolyca mirabilis,White-throated Jay,Passeriformes,Corvidae,3.9,39.24
Cyanolyca nanus,Dwarf Jay,Passeriformes,Corvidae,23.55,39.45
Cyanolyca pumilo,Black-throated Jay,Passeriformes,Corvidae,37.65,62.99
Cyanolyca argentigula,Silvery-throated Jay,Passeriformes,Corvidae,30.78,47.66
Cymbilaimus lineatus,Fasciated Antshrike,Passeriformes,Thamnophilidae,32.14,83.15
Cyphorhinus phaeocephalus,Song Wren,Passeriformes,Troglodytidae,20.59,60.95
Cypseloides niger,Black Swift,Apodiformes,Apodidae,23.4,23.11
Cypseloides storeri,White-fronted Swift,Apodiformes,Apodidae,47.73,57.17
Cypseloides cryptus,White-chinned Swift,Apodiformes,Apodidae,23.63,12.82
Cypseloides cherriei,Spot-fronted Swift,Apodiformes,Apodidae,33.26,62.54
Cyrtonyx montezumae,Montezuma Quail,Galliformes,Odontophoridae,41.16,85.1
Cyrtonyx ocellatus,Ocellated Quail,Galliformes,Odontophoridae,23.55,33.8
Dacnis venusta,Scarlet-thighed Dacnis,Passeriformes,Thraupidae,33.11,36.13
Dacnis cayana,Blue Dacnis,Passeriformes,Thraupidae,31.69,52.32
Dactylortyx thoracicus,Singing Quail,Galliformes,Odontophoridae,20.92,35.7
Deconychura longicauda,Long-tailed Woodcreeper,Passeriformes,Furnariidae,21.25,72.96
Delichon urbicum,Common House-Martin,Passeriformes,Hirundinidae,32.82,43.99
Dendragapus obscurus,Dusky Grouse,Galliformes,Phasianidae,-6.75,52.98
Dendrocincla homochroa,Ruddy Woodcreeper,Passeriformes,Furnariidae,38.41,35.7
Dendrocincla anabatina,Tawny-winged Woodcreeper,Passeriformes,Furnariidae,31.2,62.76
Dendrocincla fuliginosa,Plain-brown Woodcreeper,Passeriformes,Furnariidae,28.91,89.77
Dendrocolaptes sanctithomae,Northern Barred-Woodcreeper,Passeriformes,Furnariidae,26.86,72.81
Dendrocolaptes picumnus,Black-banded Woodcreeper,Passeriformes,Furnariidae,9.4,30.08
Dendrocygna viduata,White-faced Whistling-Duck,Anseriformes,Anatidae,20.37,75.88
Dendrocygna autumnalis,Black-bellied Whistling-Duck,Anseriformes,Anatidae,27.81,5.38
Dendrocygna arborea,West Indian Whistling-Duck,Anseriformes,Anatidae,32.52,29.86
Dendrocygna bicolor,Fulvous Whistling-Duck,Anseriformes,Anatidae,35.99,99.67
Dendrortyx leucophrys,Buffy-crowned Wood-Partridge,Galliformes,Odontophoridae,47.38,10.74
Dendrortyx macroura,Long-tailed Wood-Partridge,Galliformes,Odontophoridae,26.55,59.33
Dendrortyx barbatus,Bearded Wood-Partridge,Galliformes,Odontophoridae,22.42,9.49
Diglossa baritula,Cinnamon-bellied Flowerpiercer,Passeriformes,Thraupidae,29.48,45.78
Diglossa plumbea,Slaty Flowerpiercer,Passeriformes,Thraupidae,31.1,49.14
Donacobius atricapilla,Black-capped Donacobius,Passeriformes,Donacobiidae,41.2,42.59
Doricha enicura,Slender Sheartail,Apodiformes,Trochilidae,15.29,45.2
Doricha eliza,Mexican Sheartail,Apodiformes,Trochilidae,28.87,24.24
Doryfera ludovicae,Green-fronted Lancebill,Apodiformes,Trochilidae,40.93,60.7
Drepanis coccinea,Iiwi,Passeriformes,Fringillidae,29.08,64.62
Drepanis pacifica,Hawaii Mamo,Passeriformes,Fringillidae,37.01,24.76
Drepanis funerea,Black Mamo,Passeriformes,Fringillidae,42.18,42.94
Dumetella carolinensis,Gray Catbird,Passeriformes,Mimidae,34.01,56.65
Dysithamnus mentalis,Plain Antvireo,Passeriformes,Thamnophilidae,30.74,38.35
Dysmorodrepanis munroi,Lanai Hookbill,Passeriformes,Fringillidae,36.58,90.71
Ectopistes migratorius,Passenger Pigeon,Columbiformes,Columbidae,31.5,109.08
Elaenia martinica,Caribbean Elaenia,Passeriformes,Tyrannidae,14.65,45.78
Elaenia flavogaster,Yellow-bellied Elaenia,Passeriformes,Tyrannidae,32.62,42.15
Elaenia albiceps,White-crested Elaenia,Passeriformes,Tyrannidae,36.84,89.07
Elaenia chiriquensis,Lesser Elaenia,Passeriformes,Tyrannidae,30.43,54.89
Elaenia frantzii,Mountain Elaenia,Passeriformes,Tyrannidae,25.71,46.88
Elaenia fallax,Greater Antillean Elaenia,Passeriformes,Tyrannidae,37.59,48.04
Elanoides forficatus,Swallow-tailed Kite,Accipitriformes,Accipitridae,18.22,34.2
Elanus leucurus,White-tailed Kite,Accipitriformes,Accipitridae,-1.08,51.56
Emberiza leucocephalos,Pine Bunting,Passeriformes,Emberizidae,31.79,94.85
Emberiza pusilla,Little Bunting,Passeriformes,Emberizidae,33.43,56.58
Emberiza rustica,Rustic Bunting,Passeriformes,Emberizidae,45.79,25.39
Empidonax alnorum,Alder Flycatcher,Passeriformes,Tyrannidae,10.75,32.93
Empidonax traillii,Willow Flycatcher,Passeriformes,Tyrannidae,25.68,26.6
Empidonax minimus,Least Flycatcher,Passeriformes,Tyrannidae,15.82,72.38
Empidonax hammondii,Hammond's Flycatcher,Passeriformes,Tyrannidae,26.13,84.55
Empidonax affinis,Pine Flycatcher,Passeriformes,Tyrannidae,23.18,63.03
Empidonax occidentalis,Cordilleran Flycatcher,Passeriformes,Tyrannidae,15.14,53.66
Eremophila alpestris,Horned Lark,Passeriformes,Alaudidae,29.54,40.08
Erithacus rubecula,European Robin,Passeriformes,Muscicapidae,26.93,72.17
Eudocimus albus,White Ibis,Pelecaniformes,Threskiornithidae,17.71,40.08
Eudocimus ruber,Scarlet Ibis,Pelecaniformes,Threskiornithidae,32.32,39.62
Eugenes fulgens,Rivoli's Hummingbird,Apodiformes,Trochilidae,34.4,36.81
Eugenes spectabilis,Talamanca Hummingbird,Apodiformes,Trochilidae,26.16,54.03
Euneornis campestris,Orangequit,Passeriformes,Thraupidae,25.75,42.64
Euodice cantans,African Silverbill,Passeriformes,Estrildidae,47.22,48.94
Euodice malabarica,Indian Silverbill,Passeriformes,Estrildidae,17.51,35.67
Euphagus carolinus,Rusty Blackbird,Passeriformes,Icteridae,36.4,18.29
Euphagus cyanocephalus,Brewer's Blackbird,Passeriformes,Icteridae,32.69,73.68
Euphonia affinis,Scrub Euphonia,Passeriformes,Fringillidae,7.16,95.75
Euphonia laniirostris,Thick-billed Euphonia,Passeriformes,Fringillidae,36.56,50.68
Euphonia imitans,Spot-crowned Euphonia,Passeriformes,Fringillidae,29.4,78.49
Euphonia fulvicrissa,Fulvous-vented Euphonia,Passeriformes,Fringillidae,34.86,46.16
Euplectes franciscanus,Northern Red Bishop,Passeriformes,Ploceidae,18.58,69.56
Euplectes afer,Yellow-crowned Bishop,Passeriformes,Ploceidae,32.87,51.94
Euptilotis neoxenus,Eared Quetzal,Trogoniformes,Trogonidae,12.26,33.66
Eurypyga helias,Sunbittern,Eurypygiformes,Eurypygidae,14.37,51.1
Eutoxeres aquila,White-tipped Sicklebill,Apodiformes,Trochilidae,36.97,73.62
Falcipennis canadensis,Spruce Grouse,Galliformes,Phasianidae,22.71,69.16
Falco femoralis,Aplomado Falcon,Falconiformes,Falconidae,24.06,65.83
Falco rufigularis,Bat Falcon,Falconiformes,Falconidae,5.03,32.78
Falco deiroleucus,Orange-breasted Falcon,Falconiformes,Falconidae,56.51,30.3
Falco rusticolus,Gyrfalcon,Falconiformes,Falconidae,25.11,29.2
Falco peregrinus,Peregrine Falcon,Falconiformes,Falconidae,22.69,72.65
Falco mexicanus,Prairie Falcon,Falconiformes,Falconidae,24.95,72.97
Florisuga mellivora,White-necked Jacobin,Apodiformes,Trochilidae,33.79,41.87
Fluvicola pica,Pied Water-Tyrant,Passeriformes,Tyrannidae,28.7,49.72
Formicarius moniliger,Mayan Antthrush,Passeriformes,Formicariidae,41.84,16.75
Formicarius analis,Black-faced Antthrush,Passeriformes,Formicariidae,45.66,36.36
Formicarius nigricapillus,Black-headed Antthrush,Passeriformes,Formicariidae,10.45,68.21
Formicarius rufipectus,Rufous-breasted Antthrush,Passeriformes,Formicariidae,23.17,54.56
Fratercula arctica,Atlantic Puffin,Charadriiformes,Alcidae,20.39,20.22
Fratercula corniculata,Horned Puffin,Charadriiformes,Alcidae,38.41,79.73
Fratercula cirrhata,Tufted Puffin,Charadriiformes,Alcidae,35.58,4.51
Fregata ariel,Lesser Frigatebird,Suliformes,Fregatidae,46.13,24.76
Fregata magnificens,Magnificent Frigatebird,Suliformes,Fregatidae,37.3,77.58
Fregata minor,Great Frigatebird,Suliformes,Fregatidae,33.34,60.69
Fregetta tropica,Black-bellied Storm-Petrel,Procellariiformes,Oceanitidae,30.58,76.81
Fringilla coelebs,Common Chaffinch,Passeriformes,Fringillidae,23.23,19.45
Fringilla montifringilla,Brambling,Passeriformes,Fringillidae,11.89,49.16
Fulica atra,Eurasian Coot,Gruiformes,Rallidae,36.49,65.19
Gallinula galeata,Common Gallinule,Gruiformes,Rallidae,44.54,74.24
Gallinula chloropus,Common Moorhen,Gruiformes,Rallidae,43.55,32.52
Gampsonyx swainsonii,Pearl Kite,Accipitriformes,Accipitridae,23.32,10.69
Gavia stellata,Red-throated Loon,Gaviiformes,Gaviidae,26.95,94.81
Gavia arctica,Arctic Loon,Gaviiformes,Gaviidae,55.18,19.53
Gavia pacifica,Pacific Loon,Gaviiformes,Gaviidae,20.6,47.39
Gavia immer,Common Loon,Gaviiformes,Gaviidae,20.58,55.02
Gavia adamsii,Yellow-billed Loon,Gaviiformes,Gaviidae,25.86,26.62
Gelochelidon nilotica,Gull-billed Tern,Charadriiformes,Laridae,41.56,43.38
Geopelia striata,Zebra Dove,Columbiformes,Columbidae,27.3,71.18
Geotrygon versicolor,Crested Quail-Dove,Columbiformes,Columbidae,35.48,106.69
Geranospiza caerulescens,Crane Hawk,Accipitriformes,Accipitridae,19.08,106.05
Glareola pratincola,Collared Pratincole,Charadriiformes,Glareolidae,39.42,56.55
Glareola maldivarum,Oriental Pratincole,Charadriiformes,Glareolidae,30.38,55.96
Glaucidium siju,Cuban Pygmy-Owl,Strigiformes,Strigidae,25.39,58.59
Glaucis aeneus,Bronzy Hermit,Apodiformes,Trochilidae,9.23,44.4
Glaucis hirsutus,Rufous-breasted Hermit,Apodiformes,Trochilidae,36.53,38.65
Glyphorynchus spirurus,Wedge-billed Woodcreeper,Passeriformes,Furnariidae,14.91,49.59
Grallaria guatimalensis,Scaled Antpitta,Passeriformes,Grallariidae,22.34,76.41
Grallaricula flavirostris,Ochre-breasted Antpitta,Passeriformes,Grallariidae,31.23,74.37
Grus grus,Common Crane,Gruiformes,Gruidae,30.72,72.9
Grus americana,Whooping Crane,Gruiformes,Gruidae,27.37,72.36
Gymnasio nudipes,Puerto Rican Owl,Strigiformes,Strigidae,18.18,39.3
Gymnogyps californianus,California Condor,Cathartiformes,Cathartidae,39.43,83.02
Gymnopithys bicolor,Bicolored Antbird,Passeriformes,Thamnophilidae,23.36,36.07
Habia rubica,Red-crowned Ant-Tanager,Passeriformes,Cardinalidae,29.84,46.39
Habia fuscicauda,Red-throated Ant-Tanager,Passeriformes,Cardinalidae,36.29,30.71
Habia atrimaxillaris,Black-cheeked Ant-Tanager,Passeriformes,Cardinalidae,41.48,87.76
Haematopus ostralegus,Eurasian Oystercatcher,Charadriiformes,Haematopodidae,7.61,85.14
Haematopus palliatus,American Oystercatcher,Charadriiformes,Haematopodidae,26.3,63.66
Haematopus bachmani,Black Oystercatcher,Charadriiformes,Haematopodidae,28.86,54.28
Haliaeetus leucocephalus,Bald Eagle,Accipitriformes,Accipitridae,29.31,64.6
Haliaeetus albicilla,White-tailed Eagle,Accipitriformes,Accipitridae,26.64,67.26
Haliaeetus pelagicus,Steller's Sea-Eagle,Accipitriformes,Accipitridae,27.07,38.4
Haplophaedia aureliae,Greenish Puffleg,Apodiformes,Trochilidae,17.8,72.61
Haplospiza rustica,Slaty Finch,Passeriformes,Thraupidae,30.48,47.35
Harpia harpyja,Harpy Eagle,Accipitriformes,Accipitridae,36.09,20.74
Helicolestes hamatus,Slender-billed Kite,Accipitriformes,Accipitridae,18.36,40.03
Heliodoxa jacula,Green-crowned Brilliant,Apodiformes,Trochilidae,38.6,56.26
Heliomaster longirostris,Long-billed Starthroat,Apodiformes,Trochilidae,16.87,59.95
Heliomaster constantii,Plain-capped Starthroat,Apodiformes,Trochilidae,30.24,66
Henicorhina leucosticta,White-breasted Wood-Wren,Passeriformes,Troglodytidae,39.03,33.78
Henicorhina leucophrys,Gray-breasted Wood-Wren,Passeriformes,Troglodytidae,37.12,51.81
Himantopus himantopus,Black-winged Stilt,Charadriiformes,Recurvirostridae,16.19,41.61
Himantopus mexicanus,Black-necked Stilt,Charadriiformes,Recurvirostridae,26.31,23.55
Himatione fraithii,Laysan Honeycreeper,Passeriformes,Fringillidae,39.57,49.97
Himatione sanguinea,Apapane,Passeriformes,Fringillidae,15.26,81.68
Hirundapus caudacutus,White-throated Needletail,Apodiformes,Apodidae,29.38,100.99
Hydrobates leucorhous,Leach's Storm-Petrel,Procellariiformes,Hydrobatidae,45.29,71.8
Hydrobates macrodactylus,Guadalupe Storm-Petrel,Procellariiformes,Hydrobatidae,29.58,61.82
Hydrobates markhami,Markham's Storm-Petrel,Procellariiformes,Hydrobatidae,20.92,65.48
Hydrobates tristrami,Tristram's Storm-Petrel,Procellariiformes,Hydrobatidae,20.47,30.65
Hydrobates microsoma,Least Storm-Petrel,Procellariiformes,Hydrobatidae,24.95,78.24
Hydrocoloeus minutus,Little Gull,Charadriiformes,Laridae,24.83,53.83
Hydroprogne caspia,Caspian Tern,Charadriiformes,Laridae,26.01,44.73
Hydropsalis cayennensis,White-tailed Nightjar,Caprimulgiformes,Caprimulgidae,18.68,22.31
Hydropsalis maculicaudus,Spot-tailed Nightjar,Caprimulgiformes,Caprimulgidae,22.19,71.22
Hylocichla mustelina,Wood Thrush,Passeriformes,Turdidae,41.6,70.32
Hylomanes momotula,Tody Motmot,Coraciiformes,Momotidae,28.77,43.21
Hylopezus perspicillatus,Streak-chested Antpitta,Passeriformes,Grallariidae,11.98,40.92
Hylopezus dives,Thicket Antpitta,Passeriformes,Grallariidae,50.73,62.24
Hylophylax naevioides,Spotted Antbird,Passeriformes,Thamnophilidae,36.06,67
Icterus maculialatus,Bar-winged Oriole,Passeriformes,Icteridae,45.59,32.02
Icterus spurius,Orchard Oriole,Passeriformes,Icteridae,25.86,27.61
Icterus cucullatus,Hooded Oriole,Passeriformes,Icteridae,13.14,53.57
Icterus pectoralis,Spot-breasted Oriole,Passeriformes,Icteridae,32.78,8.19
Ictinia mississippiensis,Mississippi Kite,Accipitriformes,Accipitridae,26.75,4.01
Ictinia plumbea,Plumbeous Kite,Accipitriformes,Accipitridae,14.79,56.61
Ixoreus naevius,Varied Thrush,Passeriformes,Turdidae,38.23,57.62
Jabiru mycteria,Jabiru,Ciconiiformes,Ciconiidae,42.08,34.07
Jacana spinosa,Northern Jacana,Charadriiformes,Jacanidae,23.99,38.88
Jacana jacana,Wattled Jacana,Charadriiformes,Jacanidae,28.79,95.11
Junco vulcani,Volcano Junco,Passeriformes,Passerellidae,47.26,42.95
Junco insularis,Guadalupe Junco,Passeriformes,Passerellidae,44.26,39.8
Junco hyemalis,Dark-eyed Junco,Passeriformes,Passerellidae,24.43,91.38
Junco phaeonotus,Yellow-eyed Junco,Passeriformes,Passerellidae,25.94,78.28
Junco bairdi,Baird's Junco,Passeriformes,Passerellidae,13.03,34.1
Klais guimeti,Violet-headed Hummingbird,Apodiformes,Trochilidae,12.53,80.35
Lagopus lagopus,Willow Ptarmigan,Galliformes,Phasianidae,34.47,55.16
Lagopus muta,Rock Ptarmigan,Galliformes,Phasianidae,29.8,23
Lagopus leucura,White-tailed Ptarmigan,Galliformes,Phasianidae,33.97,55.69
Lampornis viridipallens,Green-throated Mountain-gem,Apodiformes,Trochilidae,28.27,69.05
Lampornis sybillae,Green-breasted Mountain-gem,Apodiformes,Trochilidae,20.58,30.58
Lampornis amethystinus,Amethyst-throated Mountain-gem,Apodiformes,Trochilidae,27.41,42.19
Lampornis clemenciae,Blue-throated Mountain-gem,Apodiformes,Trochilidae,28.39,49.39
Lampornis hemileucus,White-bellied Mountain-gem,Apodiformes,Trochilidae,35.77,67.37
Lampornis calolaemus,Purple-throated Mountain-gem,Apodiformes,Trochilidae,29.33,93.74
Lampornis castaneoventris,White-throated Mountain-gem,Apodiformes,Trochilidae,29.56,50.72
Lamprolaima rhami,Garnet-throated Hummingbird,Apodiformes,Trochilidae,3.96,12.06
Lanius cristatus,Brown Shrike,Passeriformes,Laniidae,34.8,37.87
Lanius collurio,Red-backed Shrike,Passeriformes,Laniidae,15.11,34.99
Lanius ludovicianus,Loggerhead Shrike,Passeriformes,Laniidae,36.55,33.51
Lanius borealis,Northern Shrike,Passeriformes,Laniidae,51.06,36.39
Larosterna inca,Inca Tern,Charadriiformes,Laridae,32.32,71.84
Larvivora cyane,Siberian Blue Robin,Passeriformes,Muscicapidae,38.76,78.76
Larvivora sibilans,Rufous-tailed Robin,Passeriformes,Muscicapidae,14.19,65.37
Leptodon cayanensis,Gray-headed Kite,Accipitriformes,Accipitridae,42.84,46.47
Leptopogon amaurocephalus,Sepia-capped Flycatcher,Passeriformes,Tyrannidae,30.81,67.06
Leptopogon superciliaris,Slaty-capped Flycatcher,Passeriformes,Tyrannidae,15.31,72.15
Leucophaeus modestus,Gray Gull,Charadriiformes,Laridae,31.7,80.43
Leucophaeus atricilla,Laughing Gull,Charadriiformes,Laridae,26.61,69.07
Leucophaeus pipixcan,Franklin's Gull,Charadriiformes,Laridae,30.42,48.84
Lonchura punctulata,Scaly-breasted Munia,Passeriformes,Estrildidae,27.29,66.5
Lonchura malacca,Tricolored Munia,Passeriformes,Estrildidae,26.22,29.37
Lonchura atricapilla,Chestnut Munia,Passeriformes,Estrildidae,20.29,53.65
Lonchura oryzivora,Java Sparrow,Passeriformes,Estrildidae,6.2,69.96
Lophodytes cucullatus,Hooded Merganser,Anseriformes,Anatidae,32.32,34.82
Lophotriccus pileatus,Scale-crested Pygmy-Tyrant,Passeriformes,Tyrannidae,38.24,49.3
Lophotriccus pilaris,Pale-eyed Pygmy-Tyrant,Passeriformes,Tyrannidae,32.21,24.79
Loxioides bailleui,Palila,Passeriformes,Fringillidae,23.01,68.54
Lurocalis semitorquatus,Short-tailed Nighthawk,Caprimulgiformes,Caprimulgidae,13.13,27.47
Malacoptila panamensis,White-whiskered Puffbird,Piciformes,Bucconidae,33.54,24.65
Margarops fuscatus,Pearly-eyed Thrasher,Passeriformes,Mimidae,12.22,43.03
Megascops trichopsis,Whiskered Screech-Owl,Strigiformes,Strigidae,40.64,39.54
Megascops clarkii,Bare-shanked Screech-Owl,Strigiformes,Strigidae,43.95,29.68
Megascops choliba,Tropical Screech-Owl,Strigiformes,Strigidae,32.75,49.11
Megascops barbarus,Bearded Screech-Owl,Strigiformes,Strigidae,25.48,64.59
Melanerpes erythrocephalus,Red-headed Woodpecker,Piciformes,Picidae,-12.28,38.25
Melanerpes formicivorus,Acorn Woodpecker,Piciformes,Picidae,18.91,75.7
Melanerpes chrysauchen,Golden-naped Woodpecker,Piciformes,Picidae,37.58,51.08
Melanerpes pucherani,Black-cheeked Woodpecker,Piciformes,Picidae,39.56,21
Melanerpes striatus,Hispaniolan Woodpecker,Piciformes,Picidae,27.5,75.4
Melanerpes radiolatus,Jamaican Woodpecker,Piciformes,Picidae,19.5,17.41
Melanerpes chrysogenys,Golden-cheeked Woodpecker,Piciformes,Picidae,30.5,70.87
Melanerpes hypopolius,Gray-breasted Woodpecker,Piciformes,Picidae,29.23,63.34
Melanerpes pygmaeus,Yucatan Woodpecker,Piciformes,Picidae,22.86,88.97
Melanerpes rubricapillus,Red-crowned Woodpecker,Piciformes,Picidae,35.02,33.41
Melanitta deglandi,White-winged Scoter,Anseriformes,Anatidae,7.63,38.04
Melanitta stejnegeri,Stejneger's Scoter,Anseriformes,Anatidae,31.68,55.01
Melanitta nigra,Common Scoter,Anseriformes,Anatidae,17.79,17.17
Melanitta americana,Black Scoter,Anseriformes,Anatidae,20.76,57.17
Melanoptila glabrirostris,Black Catbird,Passeriformes,Mimidae,29.8,28.51
Melanospiza bicolor,Black-faced Grassquit,Passeriformes,Thraupidae,21.27,71.6
Melanospiza richardsoni,St. Lucia Black Finch,Passeriformes,Thraupidae,28.89,58.12
Melanotis caerulescens,Blue Mockingbird,Passeriformes,Mimidae,30.14,20.8
Melanotis hypoleucus,Blue-and-white Mockingbird,Passeriformes,Mimidae,29.36,65.56
Meleagris gallopavo,Wild Turkey,Galliformes,Phasianidae,23.29,52.48
Meleagris ocellata,Ocellated Turkey,Galliformes,Phasianidae,27.82,68.13
Mellisuga minima,Vervain Hummingbird,Apodiformes,Trochilidae,15.91,84.75
Mellisuga helenae,Bee Hummingbird,Apodiformes,Trochilidae,68.89,11.52
Melopyrrha portoricensis,Puerto Rican Bullfinch,Passeriformes,Thraupidae,33.74,63.94
Melopyrrha grandis,St. Kitts Bullfinch,Passeriformes,Thraupidae,15.11,72.77
Melopyrrha nigra,Cuban Bullfinch,Passeriformes,Thraupidae,20.54,62.23
Melopyrrha violacea,Greater Antillean Bullfinch,Passeriformes,Thraupidae,32.12,104.46
Melozone crissalis,California Towhee,Passeriformes,Passerellidae,15.2,37.6
Melozone leucotis,White-eared Ground-Sparrow,Passeriformes,Passerellidae,29.87,57.09
Melozone biarcuata,White-faced Ground-Sparrow,Passeriformes,Passerellidae,40.29,39.88
Melozone cabanisi,Cabanis's Ground-Sparrow,Passeriformes,Passerellidae,33.65,51.66
Mergellus albellus,Smew,Anseriformes,Anatidae,16.55,58.42
Mergus merganser,Common Merganser,Anseriformes,Anatidae,12.99,33.75
Mergus serrator,Red-breasted Merganser,Anseriformes,Anatidae,22.83,67.15
Mesembrinibis cayennensis,Green Ibis,Pelecaniformes,Threskiornithidae,20.47,36.61
Micrathene whitneyi,Elf Owl,Strigiformes,Strigidae,10.06,41.3
Microcerculus philomela,Nightingale Wren,Passeriformes,Troglodytidae,15.99,15.92
Microcerculus marginatus,Scaly-breasted Wren,Passeriformes,Troglodytidae,28.1,40.52
Micromonacha lanceolata,Lanceolated Monklet,Piciformes,Bucconidae,39.83,76.97
Milvago chimachima,Yellow-headed Caracara,Falconiformes,Falconidae,42.46,59.98
Milvus migrans,Black Kite,Accipitriformes,Accipitridae,27.67,51.71
Mimus polyglottos,Northern Mockingbird,Passeriformes,Mimidae,10.82,18.7
Mionectes olivaceus,Olive-striped Flycatcher,Passeriformes,Tyrannidae,27.04,22
Mionectes oleagineus,Ochre-bellied Flycatcher,Passeriformes,Tyrannidae,29.84,40.19
Molothrus bonariensis,Shiny Cowbird,Passeriformes,Icteridae,30.58,44.51
Molothrus aeneus,Bronzed Cowbird,Passeriformes,Icteridae,19.98,55.42
Molothrus ater,Brown-headed Cowbird,Passeriformes,Icteridae,18.81,38.05
Molothrus oryzivorus,Giant Cowbird,Passeriformes,Icteridae,21.57,60.72
Momotus mexicanus,Russet-crowned Motmot,Coraciiformes,Momotidae,33.6,50.23
Momotus coeruliceps,Blue-capped Motmot,Coraciiformes,Momotidae,14.16,97.05
Monasa morphoeus,White-fronted Nunbird,Piciformes,Bucconidae,18.23,58.71
Morphnus guianensis,Crested Eagle,Accipitriformes,Accipitridae,29.91,45.24
Motacilla citreola,Citrine Wagtail,Passeriformes,Motacillidae,17.68,58.46
Motacilla cinerea,Gray Wagtail,Passeriformes,Motacillidae,35.44,23.13
Motacilla alba,White Wagtail,Passeriformes,Motacillidae,27.04,81.64
Muscicapa griseisticta,Gray-streaked Flycatcher,Passeriformes,Muscicapidae,19.22,18.44
Muscicapa dauurica,Asian Brown Flycatcher,Passeriformes,Muscicapidae,28.86,64.43
Muscicapa striata,Spotted Flycatcher,Passeriformes,Muscicapidae,33.45,59.53
Muscicapa sibirica,Dark-sided Flycatcher,Passeriformes,Muscicapidae,31.89,45.69
Myadestes townsendi,Townsend's Solitaire,Passeriformes,Turdidae,25.73,47.37
Myadestes occidentalis,Brown-backed Solitaire,Passeriformes,Turdidae,26.83,58.25
Myadestes elisabeth,Cuban Solitaire,Passeriformes,Turdidae,30.45,17.94
Myadestes genibarbis,Rufous-throated Solitaire,Passeriformes,Turdidae,29.13,15.55
Mycteria americana,Wood Stork,Ciconiiformes,Ciconiidae,4.45,58.94
Myiarchus yucatanensis,Yucatan Flycatcher,Passeriformes,Tyrannidae,7.5,64.72
Myiarchus barbirostris,Sad Flycatcher,Passeriformes,Tyrannidae,29.64,48.82
Myiarchus nuttingi,Nutting's Flycatcher,Passeriformes,Tyrannidae,43.36,52.37
Myiarchus crinitus,Great Crested Flycatcher,Passeriformes,Tyrannidae,11.28,42.79
Myiarchus tyrannulus,Brown-crested Flycatcher,Passeriformes,Tyrannidae,33,55.59
Myiarchus nugator,Grenada Flycatcher,Passeriformes,Tyrannidae,32.73,74.54
Myiarchus validus,Rufous-tailed Flycatcher,Passeriformes,Tyrannidae,19.7,64.67
Myiarchus sagrae,La Sagra's Flycatcher,Passeriformes,Tyrannidae,31.33,62.55
Myiarchus stolidus,Stolid Flycatcher,Passeriformes,Tyrannidae,8.94,61.9
Myiarchus antillarum,Puerto Rican Flycatcher,Passeriformes,Tyrannidae,12.63,65.97
Myiarchus oberi,Lesser Antillean Flycatcher,Passeriformes,Tyrannidae,28.38,47.75
Myiobius sulphureipygius,Sulphur-rumped Flycatcher,Passeriformes,Onychorhynchidae,34.03,29.93
Myiobius atricaudus,Black-tailed Flycatcher,Passeriformes,Onychorhynchidae,29.13,58.17
Myioborus pictus,Painted Redstart,Passeriformes,Parulidae,52.56,34.32
Myioborus miniatus,Slate-throated Redstart,Passeriformes,Parulidae,39.04,50.31
Myioborus torquatus,Collared Redstart,Passeriformes,Parulidae,15.98,48.05
Myiopagis gaimardii,Forest Elaenia,Passeriformes,Tyrannidae,24.16,63.98
Myiopagis caniceps,Gray Elaenia,Passeriformes,Tyrannidae,29.76,63.76
Myiopagis cotta,Jamaican Elaenia,Passeriformes,Tyrannidae,38.72,45.81
Myiopagis viridicata,Greenish Elaenia,Passeriformes,Tyrannidae,7.23,41.23
Myiornis atricapillus,Black-capped Pygmy-Tyrant,Passeriformes,Tyrannidae,18.01,76.51
Myrmeciza zeledoni,Zeledon's Antbird,Passeriformes,Thamnophilidae,13.87,41.1
Myrmornis torquata,Wing-banded Antbird,Passeriformes,Thamnophilidae,23.45,54.47
Nannopterum auritum,Double-crested Cormorant,Suliformes,Phalacrocoracidae,41.53,77.92
Nannopterum brasilianum,Neotropic Cormorant,Suliformes,Phalacrocoracidae,20.07,36.23
Neocrex colombiana,Colombian Crake,Gruiformes,Rallidae,57.9,76.91
Neocrex erythrops,Paint-billed Crake,Gruiformes,Rallidae,5.52,90.39
Nesophlox evelynae,Bahama Woodstar,Apodiformes,Trochilidae,11.72,32.04
Nesophlox lyrura,Inagua Woodstar,Apodiformes,Trochilidae,21.1,34.07
Nesotriccus ridgwayi,Cocos Flycatcher,Passeriformes,Tyrannidae,29.42,36.69
Nesotriccus murinus,Mouse-colored Tyrannulet,Passeriformes,Tyrannidae,36.65,74.63
Ninox japonica,Northern Boobook,Strigiformes,Strigidae,19,77.24
Nomonyx dominicus,Masked Duck,Anseriformes,Anatidae,26.21,47.75
Nonnula frontalis,Gray-cheeked Nunlet,Piciformes,Bucconidae,25.83,72.7
Notharchus hyperrhynchus,White-necked Puffbird,Piciformes,Bucconidae,29.37,63.6
Notharchus pectoralis,Black-breasted Puffbird,Piciformes,Bucconidae,19.51,39.61
Notharchus tectus,Pied Puffbird,Piciformes,Bucconidae,45.12,49.99
Notharchus plantou,Highland Tinamou,Tinamiformes,Tinamidae,35.13,79.4
Numenius tahitiensis,Bristle-thighed Curlew,Charadriiformes,Scolopacidae,30.61,80.63
Numenius phaeopus,Whimbrel,Charadriiformes,Scolopacidae,22.18,49.61
Numenius minutus,Little Curlew,Charadriiformes,Scolopacidae,33.14,63.91
Numenius borealis,Eskimo Curlew,Charadriiformes,Scolopacidae,45.7,53.14
Numida meleagris,Helmeted Guineafowl,Galliformes,Numididae,38.42,39.23
Nyctanassa violacea,Yellow-crowned Night-Heron,Pelecaniformes,Ardeidae,20.45,82.11
Nyctibius grandis,Great Potoo,Nyctibiiformes,Nyctibiidae,35.22,77.83
Nyctibius griseus,Common Potoo,Nyctibiiformes,Nyctibiidae,22.64,47.19
Nycticorax nycticorax,Black-crowned Night-Heron,Pelecaniformes,Ardeidae,28.29,25.88
Nyctidromus albicollis,Common Pauraque,Caprimulgiformes,Caprimulgidae,22.7,49.95
Nyctiphrynus mcleodii,Eared Poorwill,Caprimulgiformes,Caprimulgidae,21.82,62.16
Nystalus radiatus,Barred Puffbird,Piciformes,Bucconidae,18.92,71.53
Oceanites oceanicus,Wilson's Storm-Petrel,Procellariiformes,Oceanitidae,39.73,70.16
Odontophorus gujanensis,Marbled Wood-Quail,Galliformes,Odontophoridae,10.18,30.05
Odontophorus melanotis,Black-eared Wood-Quail,Galliformes,Odontophoridae,22.27,52.96
Odontophorus dialeucos,Tacarcuna Wood-Quail,Galliformes,Odontophoridae,32.08,90.65
Odontophorus leucolaemus,Black-breasted Wood-Quail,Galliformes,Odontophoridae,40.9,76.5
Odontophorus guttatus,Spotted Wood-Quail,Galliformes,Odontophoridae,28.62,93.61
Oncostoma cinereigulare,Northern Bentbill,Passeriformes,Tyrannidae,33.71,36.82
Oncostoma olivaceum,Southern Bentbill,Passeriformes,Tyrannidae,42.1,86.85
Oreophasis derbianus,Horned Guan,Galliformes,Cracidae,11.25,55.53
Oreortyx pictus,Mountain Quail,Galliformes,Odontophoridae,27.94,64.97
Ornithion semiflavum,Yellow-bellied Tyrannulet,Passeriformes,Tyrannidae,21.52,37.37
Ornithion brunneicapillus,Brown-capped Tyrannulet,Passeriformes,Tyrannidae,14.65,44.16
Ortalis vetula,Plain Chachalaca,Galliformes,Cracidae,36.44,59.34
Ortalis cinereiceps,Gray-headed Chachalaca,Galliformes,Cracidae,19.17,30.46
Ortalis ruficauda,Rufous-vented Chachalaca,Galliformes,Cracidae,19.78,46.82
Ortalis wagleri,Rufous-bellied Chachalaca,Galliformes,Cracidae,27.87,41.76
Ortalis poliocephala,West Mexican Chachalaca,Galliformes,Cracidae,34.9,92.18
Ortalis leucogastra,White-bellied Chachalaca,Galliformes,Cracidae,36.89,55.57
Orthorhyncus cristatus,Antillean Crested Hummingbird,Apodiformes,Trochilidae,27.81,19.12
Otus sunia,Oriental Scops-Owl,Strigiformes,Strigidae,36.74,79.95
Oxyura jamaicensis,Ruddy Duck,Anseriformes,Anatidae,45.26,27.61
Padda oryzivora,Java Sparrow,Passeriformes,Estrildidae,14.15,73.11
Pagophila eburnea,Ivory Gull,Charadriiformes,Laridae,25.57,50.14
Palmeria dolei,Akohekohe,Passeriformes,Fringillidae,20.81,22.32
Pampa curvipennis,Wedge-tailed Sabrewing,Apodiformes,Trochilidae,16.96,79.4
Pampa excellens,Long-tailed Sabrewing,Apodiformes,Trochilidae,18.95,67.33
Pampa rufa,Rufous Sabrewing,Apodiformes,Trochilidae,25.64,75.54
Pandion haliaetus,Osprey,Accipitriformes,Pandionidae,26.17,92.97
Panterpe insignis,Fiery-throated Hummingbird,Apodiformes,Trochilidae,22.23,39.24
Panyptila cayennensis,Lesser Swallow-tailed Swift,Apodiformes,Apodidae,9.6,50.27
Panyptila sanctihieronymi,Great Swallow-tailed Swift,Apodiformes,Apodidae,40.91,88.45
Paraclaravis mondetoura,Maroon-chested Ground Dove,Columbiformes,Columbidae,36.43,21.08
Pardirallus maculatus,Spotted Rail,Gruiformes,Rallidae,17.01,81.8
Patagioenas cayennensis,Pale-vented Pigeon,Columbiformes,Columbidae,20.39,28.5
Patagioenas speciosa,Scaled Pigeon,Columbiformes,Columbidae,29.99,68.14
Patagioenas squamosa,Scaly-naped Pigeon,Columbiformes,Columbidae,22.42,10.56
Patagioenas leucocephala,White-crowned Pigeon,Columbiformes,Columbidae,22.25,14.31
Patagioenas flavirostris,Red-billed Pigeon,Columbiformes,Columbidae,11.02,77.58
Patagioenas inornata,Plain Pigeon,Columbiformes,Columbidae,35.43,60.01
Patagioenas fasciata,Band-tailed Pigeon,Columbiformes,Columbidae,47.73,44.45
Patagioenas caribaea,Ring-tailed Pigeon,Columbiformes,Columbidae,13.15,19.19
Patagioenas plumbea,Plumbeous Pigeon,Columbiformes,Columbidae,32.18,45.43
Patagioenas subvinacea,Ruddy Pigeon,Columbiformes,Columbidae,33.82,27.1
Patagioenas nigrirostris,Short-billed Pigeon,Columbiformes,Columbidae,33.75,44.95
Patagioenas goodsoni,Dusky Pigeon,Columbiformes,Columbidae,43.16,32.73
Pelagodroma marina,White-faced Storm-Petrel,Procellariiformes,Oceanitidae,26.38,56.77
Pelecanus erythrorhynchos,American White Pelican,Pelecaniformes,Pelecanidae,50.16,68.84
Pelecanus occidentalis,Brown Pelican,Pelecaniformes,Pelecanidae,36.97,62.42
Penelope purpurascens,Crested Guan,Galliformes,Cracidae,28.1,68.59
Penelopina nigra,Highland Guan,Galliformes,Cracidae,17.71,80.75
Petrochelidon pyrrhonota,Cliff Swallow,Passeriformes,Hirundinidae,28.92,72.97
Petrochelidon fulva,Cave Swallow,Passeriformes,Hirundinidae,46.52,58.11
Peucaea carpalis,Rufous-winged Sparrow,Passeriformes,Passerellidae,12.24,40.37
Peucaea sumichrasti,Cinnamon-tailed Sparrow,Passeriformes,Passerellidae,31.92,45.35
Peucaea ruficauda,Stripe-headed Sparrow,Passeriformes,Passerellidae,12.14,59.55
Peucaea humeralis,Black-chested Sparrow,Passeriformes,Passerellidae,18.51,47.68
Peucaea mystacalis,Bridled Sparrow,Passeriformes,Passerellidae,28.17,31.46
Peucaea botterii,Botteri's Sparrow,Passeriformes,Passerellidae,46.72,24.68
Peucaea cassinii,Cassin's Sparrow,Passeriformes,Passerellidae,6.61,61.65
Peucaea aestivalis,Bachman's Sparrow,Passeriformes,Passerellidae,20.35,89.68
Phaenicophilus palmarum,Black-crowned Palm-Tanager,Passeriformes,Phaenicophilidae,18.05,38.33
Phaenicophilus poliocephalus,Gray-crowned Palm-Tanager,Passeriformes,Phaenicophilidae,15.47,51.24
Phaenostictus mcleannani,Ocellated Antbird,Passeriformes,Thamnophilidae,21.62,54.14
Phaethon lepturus,White-tailed Tropicbird,Phaethontiformes,Phaethontidae,20.88,56
Phaethon aethereus,Red-billed Tropicbird,Phaethontiformes,Phaethontidae,27.5,55.93
Phaethon rubricauda,Red-tailed Tropicbird,Phaethontiformes,Phaethontidae,27.45,66.71
Phaethornis guy,Green Hermit,Apodiformes,Trochilidae,24.47,60.22
Phaethornis mexicanus,Mexican Hermit,Apodiformes,Trochilidae,38.55,29.57
Phaethornis longirostris,Long-billed Hermit,Apodiformes,Trochilidae,24.31,62.79
Phaethornis anthophilus,Pale-bellied Hermit,Apodiformes,Trochilidae,26.6,47.78
Phaethornis striigularis,Stripe-throated Hermit,Apodiformes,Trochilidae,18.71,72.2
Phaetusa simplex,Large-billed Tern,Charadriiformes,Laridae,35.72,96.28
Phalacrocorax urile,Red-faced Cormorant,Suliformes,Phalacrocoracidae,33.57,62.61
Phalacrocorax pelagicus,Pelagic Cormorant,Suliformes,Phalacrocoracidae,29.41,64.36
Phalacrocorax carbo,Great Cormorant,Suliformes,Phalacrocoracidae,21.34,19.61
Phalacrocorax auritus,Double-crested Cormorant,Suliformes,Phalacrocoracidae,41.27,46.21
Phalacrocorax brasilianus,Neotropic Cormorant,Suliformes,Phalacrocoracidae,26.55,69.59
Phalaenoptilus nuttallii,Common Poorwill,Caprimulgiformes,Caprimulgidae,43.48,78.64
Phalaropus tricolor,Wilson's Phalarope,Charadriiformes,Scolopacidae,53.8,61
Phalaropus lobatus,Red-necked Phalarope,Charadriiformes,Scolopacidae,16.15,80.88
Phalaropus fulicarius,Red Phalarope,Charadriiformes,Scolopacidae,49.39,26.99
Pharomachrus auriceps,Golden-headed Quetzal,Trogoniformes,Trogonidae,20.03,39
Pharomachrus mocinno,Resplendent Quetzal,Trogoniformes,Trogonidae,48.62,38.96
Philodice bryantae,Magenta-throated Woodstar,Apodiformes,Trochilidae,19.7,52
Philodice mitchellii,Purple-throated Woodstar,Apodiformes,Trochilidae,26.95,21.91
Philortyx fasciatus,Banded Quail,Galliformes,Odontophoridae,42.03,70.82
Phoebastria nigripes,Black-footed Albatross,Procellariiformes,Diomedeidae,18.04,34.24
Phoebastria irrorata,Waved Albatross,Procellariiformes,Diomedeidae,13.78,43.61
Phoebastria albatrus,Short-tailed Albatross,Procellariiformes,Diomedeidae,17.69,67.33
Phoenicopterus ruber,American Flamingo,Phoenicopteriformes,Phoenicopteridae,27.28,100.38
Phyllomyias burmeisteri,Rough-legged Tyrannulet,Passeriformes,Tyrannidae,26.95,42.16
Phyllomyias griseiceps,Sooty-headed Tyrannulet,Passeriformes,Tyrannidae,32.82,26.3
Phylloscartes flavovirens,Yellow-green Tyrannulet,Passeriformes,Tyrannidae,37.39,68.18
Phylloscartes superciliaris,Rufous-browed Tyrannulet,Passeriformes,Tyrannidae,30.35,21.65
Pica hudsonia,Black-billed Magpie,Passeriformes,Corvidae,24.59,31.75
Pica nuttalli,Yellow-billed Magpie,Passeriformes,Corvidae,26.14,62.59
Pilherodius pileatus,Capped Heron,Pelecaniformes,Ardeidae,26.86,65.93
Pinaroloxias inornata,Cocos Finch,Passeriformes,Thraupidae,34.78,71.13
Pinguinus impennis,Great Auk,Charadriiformes,Alcidae,32.58,73.33
Pipilo chlorurus,Green-tailed Towhee,Passeriformes,Passerellidae,36.8,93.87
Pipilo maculatus,Spotted Towhee,Passeriformes,Passerellidae,20.15,68.46
Pipilo erythrophthalmus,Eastern Towhee,Passeriformes,Passerellidae,34.72,58.84
Pipilo ocai,Collared Towhee,Passeriformes,Passerellidae,26,46.32
Piprites griseiceps,Gray-headed Piprites,Passeriformes,Tyrannidae,22.86,43.19
Pittasoma michleri,Black-crowned Antpitta,Passeriformes,Conopophagidae,22.02,12.09
Platalea leucorodia,Eurasian Spoonbill,Pelecaniformes,Threskiornithidae,47.73,53.06
Platalea ajaja,Roseate Spoonbill,Pelecaniformes,Threskiornithidae,40.7,41.37
Platyrinchus cancrominus,Stub-tailed Spadebill,Passeriformes,Tyrannidae,34.13,80.34
Platyrinchus mystaceus,White-throated Spadebill,Passeriformes,Tyrannidae,40.09,38.29
Platyrinchus coronatus,Golden-crowned Spadebill,Passeriformes,Tyrannidae,41.91,42.04
Plectrophenax nivalis,Snow Bunting,Passeriformes,Calcariidae,37.82,56.37
Plectrophenax hyperboreus,McKay's Bunting,Passeriformes,Calcariidae,24.93,61.73
Plegadis falcinellus,Glossy Ibis,Pelecaniformes,Threskiornithidae,39.19,59.53
Plegadis chihi,White-faced Ibis,Pelecaniformes,Threskiornithidae,14.75,56.34
Ploceus cucullatus,Village Weaver,Passeriformes,Ploceidae,26.08,47.22
Pluvialis squatarola,Black-bellied Plover,Charadriiformes,Charadriidae,12.03,36.66
Podiceps auritus,Horned Grebe,Podicipediformes,Podicipedidae,24.14,45.26
Podiceps grisegena,Red-necked Grebe,Podicipediformes,Podicipedidae,40.26,81.04
Podiceps nigricollis,Eared Grebe,Podicipediformes,Podicipedidae,38.15,33.31
Podilymbus podiceps,Pied-billed Grebe,Podicipediformes,Podicipedidae,37.73,61.22
Podilymbus gigas,Atitlan Grebe,Podicipediformes,Podicipedidae,29.24,18.52
Poecile carolinensis,Carolina Chickadee,Passeriformes,Paridae,29.58,60.51
Poecile atricapillus,Black-capped Chickadee,Passeriformes,Paridae,34.24,64.93
Poecile gambeli,Mountain Chickadee,Passeriformes,Paridae,24.28,11.19
Poecile sclateri,Mexican Chickadee,Passeriformes,Paridae,12.91,37.67
Poecile rufescens,Chestnut-backed Chickadee,Passeriformes,Paridae,35.64,75.35
Poecile hudsonicus,Boreal Chickadee,Passeriformes,Paridae,19.89,78.67
Poecile cinctus,Gray-headed Chickadee,Passeriformes,Paridae,49.36,5.08
Poecilotriccus sylvia,Slate-headed Tody-Flycatcher,Passeriformes,Tyrannidae,23.49,29.4
Poliocrania exsul,Chestnut-backed Antbird,Passeriformes,Thamnophilidae,36.92,79.82
Polioptila caerulea ,Blue-gray Gnatcatcher,Passeriformes,Polioptilidae,15.2,29.15
Polioptila melanura,Black-tailed Gnatcatcher,Passeriformes,Polioptilidae,29.1,49.67
Polioptila nigriceps,Black-capped Gnatcatcher,Passeriformes,Polioptilidae,36.63,61.72
Polioptila albiloris,White-lored Gnatcatcher,Passeriformes,Polioptilidae,43.79,84.87
Porzana carolina,Sora,Gruiformes,Rallidae,25.09,55
Porzana porzana,Spotted Crake,Gruiformes,Rallidae,18.32,54.56
Priotelus temnurus,Cuban Trogon,Trogoniformes,Trogonidae,32.87,55.65
Priotelus roseigaster,Hispaniolan Trogon,Trogoniformes,Trogonidae,22.45,68.61
Procellaria aequinoctialis,White-chinned Petrel,Procellariiformes,Procellariidae,26.8,14.95
Procellaria parkinsoni,Parkinson's Petrel,Procellariiformes,Procellariidae,41.62,47.1
Psaltriparus minimus,Bushtit,Passeriformes,Aegithalidae,35.47,55.15
Psarocolius decumanus,Crested Oropendola,Passeriformes,Icteridae,9.6,30.57
Psarocolius wagleri,Chestnut-headed Oropendola,Passeriformes,Icteridae,46.7,23.49
Psarocolius montezuma,Montezuma Oropendola,Passeriformes,Icteridae,28.02,43.15
Psarocolius guatimozinus,Black Oropendola,Passeriformes,Icteridae,9.68,53.66
Pseudonestor xanthophrys,Maui Parrotbill,Passeriformes,Fringillidae,38.4,53.66
Pseudoscops clamator,Striped Owl,Strigiformes,Strigidae,26.47,78.21
Pseudoscops grammicus,Jamaican Owl,Strigiformes,Strigidae,33.91,67.54
Pseudotriccus pelzelni,Bronze-olive Pygmy-Tyrant,Passeriformes,Tyrannidae,32.53,55.78
Psiloscops flammeolus,Flammulated Owl,Strigiformes,Strigidae,20.49,54.44
Psittirostra psittacea,Ou,Passeriformes,Fringillidae,35.58,35.43
Pternistis erckelii,Erckel's Francolin,Galliformes,Phasianidae,30.91,41.37
Pterocles exustus,Chestnut-bellied Sandgrouse,Pterocliformes,Pteroclidae,18.22,44.99
Ptychoramphus aleuticus,Cassin's Auklet,Charadriiformes,Alcidae,29.91,12
Puffinus puffinus,Manx Shearwater,Procellariiformes,Procellariidae,30.95,12.36
Puffinus auricularis,Townsend's Shearwater,Procellariiformes,Procellariidae,44.49,55.77
Puffinus newelli,Newell's Shearwater,Procellariiformes,Procellariidae,40.7,80.16
Puffinus bryani,Bryan's Shearwater,Procellariiformes,Procellariidae,38.24,70.7
Puffinus opisthomelas,Black-vented Shearwater,Procellariiformes,Procellariidae,19.96,54.47
Puffinus lherminieri,Audubon's Shearwater,Procellariiformes,Procellariidae,42.83,39.74
Puffinus baroli,Barolo Shearwater,Procellariiformes,Procellariidae,24.88,78.63
Pycnonotus cafer,Red-vented Bulbul,Passeriformes,Pycnonotidae,20.29,48.53
Pycnonotus jocosus,Red-whiskered Bulbul,Passeriformes,Pycnonotidae,19.05,52.61
Pyrocephalus rubinus,Vermilion Flycatcher,Passeriformes,Tyrannidae,39.39,97.86
Quiscalus quiscula,Common Grackle,Passeriformes,Icteridae,25.74,75.06
Quiscalus major,Boat-tailed Grackle,Passeriformes,Icteridae,22.56,42.49
Quiscalus lugubris,Carib Grackle,Passeriformes,Icteridae,25.56,63.01
Rallus obsoletus,Ridgway's Rail,Gruiformes,Rallidae,23.51,68.96
Rallus tenuirostris,Aztec Rail,Gruiformes,Rallidae,36.67,46.21
Rallus longirostris,Mangrove Rail,Gruiformes,Rallidae,37,58.33
Rallus elegans,King Rail,Gruiformes,Rallidae,17.79,107.4
Rallus crepitans,Clapper Rail,Gruiformes,Rallidae,28.96,71.01
Rallus limicola,Virginia Rail,Gruiformes,Rallidae,15.71,90.09
Rallus aquaticus,Western Water-Rail,Gruiformes,Rallidae,36.07,48.9
Ramphocaenus melanurus,Long-billed Gnatwren,Passeriformes,Polioptilidae,38.74,71.34
Ramphocinclus brachyurus,White-breasted Thrasher,Passeriformes,Mimidae,24.84,38.74
Recurvirostra americana,American Avocet,Charadriiformes,Recurvirostridae,21.82,88.63
Rhodacanthis flaviceps,Lesser Koa-Finch,Passeriformes,Fringillidae,24.83,44.04
Rhodacanthis palmeri,Greater Koa-Finch,Passeriformes,Fringillidae,35.07,-4.02
Rhodinocichla rosea,Rosy Thrush-Tanager,Passeriformes,Rhodinocichlidae,19.31,91.03
Rhodostethia rosea,Ross's Gull,Charadriiformes,Laridae,18.37,54.28
Rhynchocyclus brevirostris,Eye-ringed Flatbill,Passeriformes,Tyrannidae,34.61,49.79
Rhynchocyclus olivaceus,Olivaceous Flatbill,Passeriformes,Tyrannidae,22.98,68.03
Rhynchophanes mccownii,Thick-billed Longspur,Passeriformes,Calcariidae,39.92,38.59
Rhynchortyx cinctus,Tawny-faced Quail,Galliformes,Odontophoridae,28.22,81.53
Riparia riparia,Bank Swallow,Passeriformes,Hirundinidae,23.34,36.16
Rissa tridactyla,Black-legged Kittiwake,Charadriiformes,Laridae,15.97,32.88
Rissa brevirostris,Red-legged Kittiwake,Charadriiformes,Laridae,29.59,23.91
Rostrhamus sociabilis,Snail Kite,Accipitriformes,Accipitridae,45,63.14
Rynchops niger,Black Skimmer,Charadriiformes,Laridae,30.71,72.18
Sarcoramphus papa,King Vulture,Cathartiformes,Cathartidae,24.07,78.73
Sayornis nigricans,Black Phoebe,Passeriformes,Tyrannidae,46.05,41.5
Sayornis phoebe,Eastern Phoebe,Passeriformes,Tyrannidae,13.81,61.87
Sayornis saya,Say's Phoebe,Passeriformes,Tyrannidae,37.52,51.61
Sclerurus mexicanus,Tawny-throated Leaftosser,Passeriformes,Furnariidae,33.67,59.43
Sclerurus albigularis,Gray-throated Leaftosser,Passeriformes,Furnariidae,22.46,68.34
Sclerurus guatemalensis,Scaly-throated Leaftosser,Passeriformes,Furnariidae,16.65,84.1
Scytalopus panamensis,Tacarcuna Tapaculo,Passeriformes,Rhinocryptidae,25.92,61.1
Scytalopus chocoensis,Choco Tapaculo,Passeriformes,Rhinocryptidae,49.95,31.51
Scytalopus argentifrons,Silvery-fronted Tapaculo,Passeriformes,Rhinocryptidae,50.11,43.44
Selasphorus calliope,Calliope Hummingbird,Apodiformes,Trochilidae,23.86,72.89
Selasphorus rufus,Rufous Hummingbird,Apodiformes,Trochilidae,20.65,35.3
Selasphorus sasin,Allen's Hummingbird,Apodiformes,Trochilidae,37.17,35.89
Selasphorus platycercus,Broad-tailed Hummingbird,Apodiformes,Trochilidae,31.48,63.37
Selasphorus heloisa,Bumblebee Hummingbird,Apodiformes,Trochilidae,20.9,72.47
Selasphorus ellioti,Wine-throated Hummingbird,Apodiformes,Trochilidae,22.34,40.79
Serpophaga cinerea,Torrent Tyrannulet,Passeriformes,Tyrannidae,29.1,21.2
Setophaga dominica,Yellow-throated Warbler,Passeriformes,Parulidae,41.39,28.26
Setophaga flavescens,Bahama Warbler,Passeriformes,Parulidae,15.18,85.29
Setophaga vitellina,Vitelline Warbler,Passeriformes,Parulidae,25.09,49.25
Setophaga discolor,Prairie Warbler,Passeriformes,Parulidae,24.75,53.08
Setophaga adelaidae,Adelaide's Warbler,Passeriformes,Parulidae,24.33,64.57
Setophaga subita,Barbuda Warbler,Passeriformes,Parulidae,27.21,20.83
Setophaga delicata,St. Lucia Warbler,Passeriformes,Parulidae,32.14,74.39
Setophaga graciae,Grace's Warbler,Passeriformes,Parulidae,15.93,30.1
Setophaga nigrescens,Black-throated Gray Warbler,Passeriformes,Parulidae,29.2,72.48
Setophaga townsendi,Townsend's Warbler,Passeriformes,Parulidae,32.64,17.85
Setophaga occidentalis,Hermit Warbler,Passeriformes,Parulidae,32.44,32.83
Setophaga chrysoparia,Golden-cheeked Warbler,Passeriformes,Parulidae,29,47.91
Setophaga virens,Black-throated Green Warbler,Passeriformes,Parulidae,24.99,84.64
Sialia sialis,Eastern Bluebird,Passeriformes,Turdidae,18.06,28.89
Sialia mexicana,Western Bluebird,Passeriformes,Turdidae,38.77,49.12
Sialia currucoides,Mountain Bluebird,Passeriformes,Turdidae,25.2,46.26
Siphonorhis americana,Jamaican Pauraque,Caprimulgiformes,Caprimulgidae,32.9,66.59
Siphonorhis brewsteri,Least Pauraque,Caprimulgiformes,Caprimulgidae,19.49,26.6
Sipia laemosticta,Dull-mantled Antbird,Passeriformes,Thamnophilidae,31.68,41.68
Sitta canadensis,Red-breasted Nuthatch,Passeriformes,Sittidae,44.72,83.79
Sitta carolinensis,White-breasted Nuthatch,Passeriformes,Sittidae,23.64,49.46
Sitta pygmaea,Pygmy Nuthatch,Passeriformes,Sittidae,28.28,41.75
Sitta pusilla,Brown-headed Nuthatch,Passeriformes,Sittidae,28.3,44.44
Sitta insularis,Bahama Nuthatch,Passeriformes,Sittidae,11.62,49.81
Sittasomus griseicapillus,Olivaceous Woodcreeper,Passeriformes,Furnariidae,14.89,66.83
Spermestes cucullata,Bronze Mannikin,Passeriformes,Estrildidae,15.01,40.11
Spinus psaltria,Lesser Goldfinch,Passeriformes,Fringillidae,37.78,41.23
Spinus tristis,American Goldfinch,Passeriformes,Fringillidae,25.82,78.62
Spizella passerina,Chipping Sparrow,Passeriformes,Passerellidae,25.83,77.38
Spizella pallida,Clay-colored Sparrow,Passeriformes,Passerellidae,38.96,62.05
Spizella atrogularis,Black-chinned Sparrow,Passeriformes,Passerellidae,28.86,84.92
Spizella pusilla,Field Sparrow,Passeriformes,Passerellidae,25.08,121.81
Spizella breweri,Brewer's Sparrow,Passeriformes,Passerellidae,34.43,43.74
Spizella wortheni,Worthen's Sparrow,Passeriformes,Passerellidae,42.58,41.95
Spizelloides arborea,American Tree Sparrow,Passeriformes,Passerellidae,36.26,58.55
Sporophila lineola,Lined Seedeater,Passeriformes,Thraupidae,36.09,24.75
Sporophila funerea,Thick-billed Seed-Finch,Passeriformes,Thraupidae,33.22,60.13
Sporophila crassirostris,Large-billed Seed-Finch,Passeriformes,Thraupidae,37.16,-3.61
Sporophila nuttingi,Nicaraguan Seed-Finch,Passeriformes,Thraupidae,37.85,33.43
Sporophila corvina,Variable Seedeater,Passeriformes,Thraupidae,37.39,59.5
Starnoenas cyanocephala,Blue-headed Quail-Dove,Columbiformes,Columbidae,34.49,68.27
Steatornis caripensis,Oilbird,Steatornithiformes,Steatornithidae,29.43,53.67
Stercorarius skua,Great Skua,Charadriiformes,Stercorariidae,34.65,55.64
Stercorarius maccormicki,South Polar Skua,Charadriiformes,Stercorariidae,40.65,53.1
Stercorarius pomarinus,Pomarine Jaeger,Charadriiformes,Stercorariidae,27.22,25.35
Stercorarius parasiticus,Parasitic Jaeger,Charadriiformes,Stercorariidae,20.54,93.85
Stercorarius longicaudus,Long-tailed Jaeger,Charadriiformes,Stercorariidae,28.92,22.68
Sterna dougallii,Roseate Tern,Charadriiformes,Laridae,17.6,67.48
Sterna hirundo,Common Tern,Charadriiformes,Laridae,24.24,41.07
Streptopelia orientalis,Oriental Turtle-Dove,Columbiformes,Columbidae,18.21,55.04
Streptopelia roseogrisea,African Collared-Dove,Columbiformes,Columbidae,24.37,49.58
Streptopelia turtur,European Turtle-Dove,Columbiformes,Columbidae,17.2,36.76
Streptopelia decaocto,Eurasian Collared-Dove,Columbiformes,Columbidae,35.24,66.98
Streptopelia chinensis,Spotted Dove,Columbiformes,Columbidae,36.47,41.81
Streptoprocne rutila,Chestnut-collared Swift,Apodiformes,Apodidae,32.34,41.8
Streptoprocne zonaris,White-collared Swift,Apodiformes,Apodidae,27.18,35.47
Streptoprocne semicollaris,White-naped Swift,Apodiformes,Apodidae,28.67,41.69
Strix occidentalis,Spotted Owl,Strigiformes,Strigidae,28.05,44.42
Strix varia,Barred Owl,Strigiformes,Strigidae,27.28,51.49
Strix sartorii,Cinereous Owl,Strigiformes,Strigidae,23.24,59.75
Strix fulvescens,Fulvous Owl,Strigiformes,Strigidae,37.83,47.13
Strix nebulosa,Great Gray Owl,Strigiformes,Strigidae,30.65,79.18
Sturnella magna,Eastern Meadowlark,Passeriformes,Icteridae,31.88,47.18
Sturnella neglecta,Western Meadowlark,Passeriformes,Icteridae,27.01,13.8
Sturnus vulgaris,European Starling,Passeriformes,Sturnidae,33.79,50.9
Sublegatus arenarum,Northern Scrub-Flycatcher,Passeriformes,Tyrannidae,27,37.15
Sula dactylatra,Masked Booby,Suliformes,Sulidae,36.35,54.29
Sula granti,Nazca Booby,Suliformes,Sulidae,31.19,56.84
Sula nebouxii,Blue-footed Booby,Suliformes,Sulidae,26.83,66.74
Sula variegata,Peruvian Booby,Suliformes,Sulidae,6.69,53.34
Tachornis phoenicobia,Antillean Palm-Swift,Apodiformes,Apodidae,9.67,74.74
Tachybaptus dominicus,Least Grebe,Podicipediformes,Podicipedidae,26.86,33.45
Tachycineta bicolor,Tree Swallow,Passeriformes,Hirundinidae,37.1,83.27
Tachycineta euchrysea,Golden Swallow,Passeriformes,Hirundinidae,20.61,51.05
Tachycineta albilinea,Mangrove Swallow,Passeriformes,Hirundinidae,23.08,78.28
Taraba major,Great Antshrike,Passeriformes,Thamnophilidae,19.69,12.92
Telespiza cantans,Laysan Finch,Passeriformes,Fringillidae,21.02,28.84
Telespiza ultima,Nihoa Finch,Passeriformes,Fringillidae,25.6,47.01
Thalassarche chlororhynchos,Yellow-nosed Albatross,Procellariiformes,Diomedeidae,27.55,31.26
Thalassarche cauta,White-capped Albatross,Procellariiformes,Diomedeidae,16.17,22.04
Thalasseus elegans,Elegant Tern,Charadriiformes,Laridae,13,24.74
Thalurania colombica,Crowned Woodnymph,Apodiformes,Trochilidae,30.15,52.98
Thamnistes anabatinus,Russet Antshrike,Passeriformes,Thamnophilidae,34.71,23.8
Thamnophilus doliatus,Barred Antshrike,Passeriformes,Thamnophilidae,9.8,81.37
Thamnophilus nigriceps,Black Antshrike,Passeriformes,Thamnophilidae,21.21,71.62
Thamnophilus bridgesi,Black-hooded Antshrike,Passeriformes,Thamnophilidae,12.05,44.05
Thamnophilus atrinucha,Black-crowned Antshrike,Passeriformes,Thamnophilidae,32.97,48.97
Theristicus caudatus,Buff-necked Ibis,Pelecaniformes,Threskiornithidae,38.28,48.3
Threnetes ruckeri,Band-tailed Barbthroat,Apodiformes,Trochilidae,24.82,33.1
Tilmatura dupontii,Sparkling-tailed Hummingbird,Apodiformes,Trochilidae,23.4,69.48
Tinamus major,Great Tinamou,Tinamiformes,Tinamidae,22.76,29.56
Todirostrum cinereum,Common Tody-Flycatcher,Passeriformes,Tyrannidae,31.73,49.08
Todirostrum nigriceps,Black-headed Tody-Flycatcher,Passeriformes,Tyrannidae,41.67,63.55
Todus multicolor,Cuban Tody,Coraciiformes,Todidae,25.93,45.14
Todus subulatus,Broad-billed Tody,Coraciiformes,Todidae,15.15,57.27
Todus angustirostris,Narrow-billed Tody,Coraciiformes,Todidae,29.1,58.47
Todus todus,Jamaican Tody,Coraciiformes,Todidae,8.01,14.6
Todus mexicanus,Puerto Rican Tody,Coraciiformes,Todidae,30.64,63.2
Tolmomyias sulphurescens,Yellow-olive Flycatcher,Passeriformes,Tyrannidae,38.23,66.29
Tolmomyias assimilis,Yellow-margined Flycatcher,Passeriformes,Tyrannidae,23.11,37.6
Tolmomyias flaviventris,Yellow-breasted Flycatcher,Passeriformes,Tyrannidae,30.77,32.66
Toxostoma bendirei,Bendire's Thrasher,Passeriformes,Mimidae,33.1,61.63
Toxostoma cinereum,Gray Thrasher,Passeriformes,Mimidae,26.21,48.72
Toxostoma redivivum,California Thrasher,Passeriformes,Mimidae,20.06,39.21
Toxostoma lecontei,LeConte's Thrasher,Passeriformes,Mimidae,33.44,37.36
Toxostoma crissale,Crissal Thrasher,Passeriformes,Mimidae,26.13,68.3
Tringa flavipes,Lesser Yellowlegs,Charadriiformes,Scolopacidae,19.84,41.25
Tringa semipalmata,Willet,Charadriiformes,Scolopacidae,53.09,102.63
Tringa erythropus,Spotted Redshank,Charadriiformes,Scolopacidae,39.23,88.67
Tringa nebularia,Common Greenshank,Charadriiformes,Scolopacidae,26.49,9.4
Tringa melanoleuca,Greater Yellowlegs,Charadriiformes,Scolopacidae,21.49,61.99
Tringa totanus,Common Redshank,Charadriiformes,Scolopacidae,26.06,38.66
Tringa glareola,Wood Sandpiper,Charadriiformes,Scolopacidae,26.72,49.04
Tringa stagnatilis,Marsh Sandpiper,Charadriiformes,Scolopacidae,47.86,22.88
Trogon rufus,Black-throated Trogon,Trogoniformes,Trogonidae,2.13,59.98
Trogon elegans,Elegant Trogon,Trogoniformes,Trogonidae,16.07,86.16
Trogon collaris,Collared Trogon,Trogoniformes,Trogonidae,-3.36,37.14
Turdus viscivorus,Mistle Thrush,Passeriformes,Turdidae,31.97,87.8
Turdus rufopalliatus,Rufous-backed Robin,Passeriformes,Turdidae,31.14,42.49
Turdus rufitorques,Rufous-collared Robin,Passeriformes,Turdidae,33.72,71.03
Turdus migratorius,American Robin,Passeriformes,Turdidae,29.47,57.14
Turdus swalesi,La Selle Thrush,Passeriformes,Turdidae,12.49,41.57
Turdus aurantius,White-chinned Thrush,Passeriformes,Turdidae,21.27,57.94
Turdus ravidus,Grand Cayman Thrush,Passeriformes,Turdidae,30.49,79.24
Turdus plumbeus,Red-legged Thrush,Passeriformes,Turdidae,28.45,50.23
Turdus lherminieri,Forest Thrush,Passeriformes,Turdidae,19.1,60.89
Tyrannulus elatus,Yellow-crowned Tyrannulet,Passeriformes,Tyrannidae,17.86,68.95
Tyto alba,Barn Owl,Strigiformes,Tytonidae,33.97,87.4
Tyto glaucops,Ashy-faced Owl,Strigiformes,Tytonidae,26.61,66.17
Upupa epops,Eurasian Hoopoe,Upupiformes,Upupidae,36.71,38.29
Uria aalge,Common Murre,Charadriiformes,Alcidae,38,52.56
Uria lomvia,Thick-billed Murre,Charadriiformes,Alcidae,39.45,24.96
Uropsila leucogastra,White-bellied Wren,Passeriformes,Troglodytidae,33.58,73.7
Vanellus vanellus,Northern Lapwing,Charadriiformes,Charadriidae,56.55,40.19
Vanellus chilensis,Southern Lapwing,Charadriiformes,Charadriidae,34.94,40.49
Vidua macroura,Pin-tailed Whydah,Passeriformes,Viduidae,39.73,54.08
Xema sabini,Sabine's Gull,Charadriiformes,Laridae,38.14,68.34
Xenornis setifrons,Spiny-faced Antshrike,Passeriformes,Thamnophilidae,48.45,26.09
Zeledonia coronata,Wrenthrush,Passeriformes,Zeledoniidae,32.76,26.01
Zenaida asiatica,White-winged Dove,Columbiformes,Columbidae,20.99,53.02
Zenaida aurita,Zenaida Dove,Columbiformes,Columbidae,24.96,78.06
Zenaida auriculata,Eared Dove,Columbiformes,Columbidae,23.46,47.28
Zenaida macroura,Mourning Dove,Columbiformes,Columbidae,45.51,31.87
Zenaida graysoni,Socorro Dove,Columbiformes,Columbidae,23.17,13.43
Zentrygon costaricensis,Buff-fronted Quail-Dove,Columbiformes,Columbidae,36.44,42.95
Zentrygon lawrencii,Purplish-backed Quail-Dove,Columbiformes,Columbidae,26.07,47.63
Zentrygon albifacies,White-faced Quail-Dove,Columbiformes,Columbidae,8.07,26.04
Zentrygon chiriquensis,Chiriqui Quail-Dove,Columbiformes,Columbidae,31.16,72.8
Zentrygon goldmani,Russet-crowned Quail-Dove,Columbiformes,Columbidae,32.1,93.58
Zimmerius vilissimus,Guatemalan Tyrannulet,Passeriformes,Tyrannidae,31.77,27.97
Zimmerius parvus,Mistletoe Tyrannulet,Passeriformes,Tyrannidae,16.54,101.49
Zonotrichia capensis,Rufous-collared Sparrow,Passeriformes,Passerellidae,20.33,44.27
Zonotrichia leucophrys,White-crowned Sparrow,Passeriformes,Passerellidae,39.7,34.63
Zonotrichia atricapilla,Golden-crowned Sparrow,Passeriformes,Passerellidae,16.55,49.53
Zonotrichia querula,Harris's Sparrow,Passeriformes,Passerellidae,47.55,64.23
Zonotrichia albicollis,White-throated Sparrow,Passeriformes,Passerellidae,4.6,81.02
Zoothera aurea,White's Thrush,Passeriformes,Turdidae,39.83,1.08