email,firstName,lastName,state,groupID,password
kgobel0@archive.org,Kassandra,Gobel,Michigan,17,aiFzZQHPc
meyeington1@sciencedirect.com,Marybeth,Eyeington,Pennsylvania,17,RfSlEZNdW
pcaller2@youtu.be,Patty,Caller,Indiana,20,DEYLIZ
msheehy3@deviantart.com,Mavra,Sheehy,West Virginia,9,DH7Bbdo4vGUN
ravrahm4@pbs.org,Rolland,Avrahm,Mississippi,4,kPf6YeouQa
bmeriton5@uol.com.br,Belia,Meriton,Minnesota,6,fDdjJ8r6e0
arottcher6@amazon.de,Aurelea,Rottcher,Hawaii,18,g28tv4lnThkN
sotoole7@tumblr.com,Sauveur,O'Toole,Georgia,7,cWsTW3a
bludye8@livejournal.com,Barbara,Ludye,Alaska,2,XxD8VXt5
fmoorman9@exblog.jp,Filbert,Moorman,Texas,19,Bo2YXr
rskinnera@blog.com,Ruby,Skinner,New York,5,ZiMf1m
vmacarteb@diigo.com,Vachel,MacArte,Florida,5,EwX44yOLSC9
fburchillc@tamu.edu,Freddy,Burchill,Texas,19,FzNY1XfN
gsansd@skyrock.com,Gavan,Sans,New York,22,jYyMMTuNG01
emcgeaghe@google.com.hk,Elvira,McGeagh,Maryland,16,rYQOsf8reLj
ieaglingf@hugedomains.com,Inesita,Eagling,Colorado,6,DFy3ejbl
edellarg@t.co,Ebenezer,Dellar,Florida,11,SeEcyT9
jkingzetth@illinois.edu,Jemimah,Kingzett,Virginia,23,1OeXeQiarbl
lforti@sbwire.com,Lenette,Fort,Michigan,9,lpqv2kgbu
clindberghj@php.net,Carl,Lindbergh,Florida,17,9BXcQXE82w
abartolomeazzik@squidoo.com,Amalee,Bartolomeazzi,Kansas,9,vUK2I02wViH
arueggl@ustream.tv,Alysia,Ruegg,District of Columbia,18,YAEptKUe9p5L
mspearsm@sfgate.com,Maureen,Spears,Nevada,23,rbumZIA6f46L
dwhenmann@qq.com,Dill,Whenman,New York,9,HFtahNQ
rmapso@forbes.com,Rycca,Maps,District of Columbia,8,FSBF0T
dalibonep@cpanel.net,Doll,Alibone,Wisconsin,17,c27WqA4
shaglintonq@pinterest.com,Sheba,Haglinton,California,25,5CVosgEKyfV
dhenrysr@usatoday.com,Deeyn,Henrys,Colorado,7,tZ0k1Vw
ddurlings@wisc.edu,Dana,Durling,Minnesota,22,ApN3A3
giansont@wiley.com,Ginger,Ianson,Texas,25,Dj8dhv
gweathersu@rakuten.co.jp,Geoff,Weathers,Georgia,25,unfBijbX
rphilippsonv@hhs.gov,Rochell,Philippson,California,12,w26vS2LHeq
gcutcheew@noaa.gov,Gerhard,Cutchee,Washington,20,goAO2g2
ngammackx@feedburner.com,Nikolaus,Gammack,Virginia,3,gHLCurkZ
vquinny@etsy.com,Vladamir,Quinn,California,8,1SNqIJXxe0
mstrethillz@friendfeed.com,Miner,Strethill,Connecticut,15,TZZI7PtprS6
rdurnford10@telegraph.co.uk,Rhea,Durnford,Nebraska,13,OD6OOuPt
ccunrado11@miibeian.gov.cn,Craggy,Cunrado,Washington,18,mJ8esJT
jshorland12@google.com.hk,Jeramey,Shorland,Ohio,8,9us3uoz
aofihillie13@loc.gov,Alexa,O'Fihillie,Massachusetts,22,1SysGCZk
kdaingerfield14@bloglines.com,Katheryn,Daingerfield,Georgia,21,7GYCfHHp4lr
tfinnie15@joomla.org,Tynan,Finnie,Minnesota,22,vvj5L1dleWFZ
lpoulton16@furl.net,Lisetta,Poulton,Oregon,10,0HrvSMLaLn1
gshegog17@jalbum.net,Gonzalo,Shegog,Texas,4,ajZuMRj49P6p
kcerie18@vinaora.com,Keith,Cerie,Illinois,1,FHw4FjMydx
hebben19@imageshack.us,Haslett,Ebben,Michigan,25,fA7QGRLdU
lkerman1a@independent.co.uk,Leon,Kerman,Tennessee,21,PpVaMjd
lhonnicott1b@phoca.cz,Liza,Honnicott,Nebraska,15,s0Hw228PLn
mbiernat1c@ed.gov,Mitchael,Biernat,California,10,YCtJ1r39dJR
lwycherley1d@usgs.gov,Lishe,Wycherley,Florida,8,vvTJK670
tcardew1e@parallels.com,Tamma,Cardew,California,19,JcJYFC
aamar1f@oaic.gov.au,Almira,Amar,Indiana,5,daE0Pd
hwitz1g@tmall.com,Helli,Witz,California,6,PCmqUT
abirtwhistle1h@ftc.gov,Aluin,Birtwhistle,Virginia,10,byRl006Uf3
amaclaren1i@dion.ne.jp,Audra,MacLaren,California,15,lQAiwVGtA
dlongworthy1j@oaic.gov.au,Denney,Longworthy,Oklahoma,15,1yQRx3qD6H8
hsciacovelli1k@craigslist.org,Hilde,Sciacovelli,Pennsylvania,11,jOlc5qBb7
otapper1l@apple.com,Opal,Tapper,District of Columbia,23,HkI3UYX5J
boffer1m@forbes.com,Blanch,Offer,California,7,unj1GYqm
kcantor1n@dell.com,Katya,Cantor,New York,8,DSc1HA37ZHF
afridlington1o@mysql.com,Aliza,Fridlington,California,14,cOMyljuPi2m
ostobo1p@dailymotion.com,Orly,Stobo,Wisconsin,7,hYvO4yXu
bcofax1q@mozilla.com,Britney,Cofax,Pennsylvania,20,c3XPWdVZJDc
ewoolstenholmes1r@creativecommons.org,Ely,Woolstenholmes,New York,7,NHwqADYI
fprobbing1s@about.com,Frasquito,Probbing,Florida,21,iT36g2aI
gbulward1t@virginia.edu,Germana,Bulward,New York,13,nEG6eqF
cnixon1u@biblegateway.com,Calida,Nixon,New Mexico,19,5iDP7MhEG0
uclines1v@over-blog.com,Ula,Clines,Kansas,8,aYNtfC
rbillinge1w@php.net,Romain,Billinge,Arizona,21,xGDdMznl89
sdanneil1x@dion.ne.jp,Shaine,Danneil,Minnesota,2,8lof4CBBt
mnield1y@cyberchimps.com,Michell,Nield,District of Columbia,1,ua31baeV
tgokes1z@sitemeter.com,Tallia,Gokes,Kansas,2,FwSjBuzl
aecclestone20@technorati.com,Aindrea,Ecclestone,Georgia,8,ygT8WdC2U
bmarkham21@google.com,Bud,Markham,New Jersey,9,CBeJ0ldnW6Ew
lrogerot22@ow.ly,Lexis,Rogerot,Texas,16,m6htFiV
lluker23@admin.ch,Lori,Luker,District of Columbia,4,OFwUOZ
mgatherell24@answers.com,Marshal,Gatherell,Missouri,3,vj25lNsS
bcoady25@dropbox.com,Batholomew,Coady,Alabama,18,rQvHuy
pstuchberry26@tamu.edu,Paula,Stuchberry,Alabama,3,mniEJw2SHf
jbriscam27@abc.net.au,James,Briscam,Illinois,4,j5CxyifvQcJx
rmothersdale28@gov.uk,Roxi,Mothersdale,Virginia,18,tlFUvijNUKlH
vcammidge29@netvibes.com,Valerye,Cammidge,Connecticut,24,Bx7RgjEtj
lredgrove2a@japanpost.jp,Lyell,Redgrove,California,12,jLxmEL
kstorre2b@aol.com,Kellby,Storre,Kansas,15,V2ZDjQUrest
mmannion2c@discovery.com,Maude,Mannion,California,11,hE7pnY84ew8
lgehrtz2d@wix.com,Lucius,Gehrtz,Florida,3,NUHjH7qON
rvowell2e@who.int,Rolf,Vowell,Georgia,16,ykZwnB
ejobb2f@mozilla.org,Eziechiele,Jobb,Illinois,13,ajOXDCL08KgQ
btotterdill2g@sitemeter.com,Bradney,Totterdill,Georgia,13,Gqba9Ikuhb
vsmidmoor2h@bigcartel.com,Valentin,Smidmoor,Florida,2,SneZ8w1F0P4t
dcarayol2i@java.com,Doria,Carayol,Texas,1,yXHFjYsJvw
sjurs2j@sun.com,Sunshine,Jurs,Minnesota,7,gUJ1k8OpYqcE
sivanonko2k@state.gov,Shepperd,Ivanonko,Pennsylvania,15,iTD7xwA6
eizakoff2l@europa.eu,Elston,Izakoff,Texas,20,nYIFCiK
scomiam2m@desdev.cn,Sherwin,Comiam,Arizona,15,RpS45M9LQV4
rcurry2n@unblog.fr,Rickard,Curry,Oregon,16,aNAEyz
sallnutt2o@soundcloud.com,Shermie,Allnutt,Nevada,3,5pJKGXWtRHZz
rshales2p@omniture.com,Randal,Shales,Missouri,24,5SFJLRMI9xR
aosman2q@live.com,Amargo,Osman,Washington,21,ADfF8MJ
alune2r@ow.ly,Alfie,Lune,South Carolina,20,ofPkYmcuL
ekelsall2s@irs.gov,Esme,Kelsall,Utah,6,loKW68
dmudle2t@usgs.gov,Deloria,Mudle,Texas,9,h07VgqCev
msancraft2u@godaddy.com,Mallorie,Sancraft,Connecticut,25,j5Ar0So
psutherel2v@mozilla.org,Peterus,Sutherel,New York,4,LmdvbNz
nweldrick2w@nih.gov,Nadean,Weldrick,Texas,6,2RgnFMjYKJHD
ppifford2x@stumbleupon.com,Philippine,Pifford,Minnesota,11,wmJTUsPr9SHp
codlin2y@baidu.com,Camila,Odlin,District of Columbia,7,5vbOGdEYTBvu
mcurzon2z@msn.com,Milly,Curzon,California,3,BuuSvhM
itemprell30@photobucket.com,Ian,Temprell,Iowa,10,hDiHj1TX
gburles31@washingtonpost.com,Goldi,Burles,Maryland,21,QoQdqufZQ
lgorghetto32@twitter.com,Laraine,Gorghetto,New York,17,PeD4dOUnbCq
dmewitt33@so-net.ne.jp,Denys,Mewitt,Connecticut,17,XeV9ntQ2sFJd
bjustham34@yahoo.com,Breanne,Justham,Ohio,24,aBeDj5IY87P
jclemensen35@nsw.gov.au,Jamie,Clemensen,Florida,21,fnwTYCHf
gcarbonell36@google.com,Gerhard,Carbonell,Pennsylvania,14,TGV7BoPh1R
hstarking37@comsenz.com,Heath,Starking,Wisconsin,11,jG9ADbzuR
eoflaherty38@cisco.com,Erma,O' Flaherty,Louisiana,10,z11qSYHHbDBr
jingarfield39@ft.com,Joleen,Ingarfield,Louisiana,4,Ks5yG0hC1eR
sthyer3a@google.nl,Sibylle,Thyer,Florida,13,z3zd71MA
apinare3b@github.io,Ann,Pinare,Georgia,3,qDt0SSxy6ZY
aoreagan3c@cbsnews.com,Austen,O'Reagan,District of Columbia,4,aMGO9Mg3
cmedler3d@cnbc.com,Chrissy,Medler,Florida,2,GNS3Fr
kwillingale3e@businessweek.com,Keven,Willingale,Texas,12,XboF2cZNsu
dplowman3f@mayoclinic.com,Dore,Plowman,Florida,16,5XD0iM8HAk8
kboanas3g@berkeley.edu,Kenneth,Boanas,Kansas,24,FqYzeOrP30
jenrigo3h@businessinsider.com,Jareb,Enrigo,California,8,nVpKyxrO
mbackhouse3i@lycos.com,Merry,Backhouse,North Carolina,22,gvEKpGdXD
cbleier3j@accuweather.com,Chicky,Bleier,Minnesota,18,r0xFeXnZrHW
bmulliss3k@imgur.com,Brandy,Mulliss,Florida,24,aVK7BlwLp0
mtramel3l@huffingtonpost.com,Mort,Tramel,Ohio,15,yx7bbswjV
bvaadeland3m@purevolume.com,Berky,Vaadeland,Texas,5,TrJh7l
tpietron3n@opera.com,Tracie,Pietron,Texas,9,CzpcHoE
rdameisele3o@privacy.gov.au,Ring,Dameisele,Florida,4,2I3zSpfk
ifinney3p@dyndns.org,Ingamar,Finney,Michigan,14,zkOQoQorfj
mkidwell3q@ted.com,Miguel,Kidwell,Minnesota,17,96yxXUs
iblanch3r@xrea.com,Inge,Blanch,North Dakota,22,VRvK5v1pxR
suren3s@creativecommons.org,Simeon,Uren,California,9,zAwuFcb4E6p
ispurnier3t@unicef.org,Ilsa,Spurnier,Massachusetts,13,EMb3sonqdYP
swem3u@netlog.com,Shirl,Wem,Tennessee,23,KHt9AfVKCZ
tfeaviour3v@skyrock.com,Trefor,Feaviour,Florida,15,l78n3Y
sfeatherstonhaugh3w@wikia.com,Shanta,Featherstonhaugh,Colorado,16,ZHheI14IzqJS
jswinden3x@vkontakte.ru,Johny,Swinden,New York,18,AjnMSRx4x
mswatridge3y@acquirethisname.com,Malorie,Swatridge,District of Columbia,11,jndBEVstOwcT
lodonnell3z@examiner.com,Leigh,O'Donnell,Pennsylvania,19,W9hZnkQ
ahaseley40@nsw.gov.au,Audrye,Haseley,Missouri,6,6gL96th2
tmavin41@booking.com,Teador,Mavin,South Carolina,7,BZBiHUAWrl6X
cgeikie42@dell.com,Charles,Geikie,Florida,2,ozPvuoa
sespinazo43@yahoo.co.jp,Simonne,Espinazo,California,8,FwSXcsgCr93
cscarrott44@examiner.com,Christiano,Scarrott,Ohio,6,P6TLQBZ9g
hlanglands45@yolasite.com,Harlie,Langlands,District of Columbia,18,OQcaNfVhq8u
bgrigoryev46@51.la,Brittni,Grigoryev,Tennessee,12,ddpAUzpMmoP
mspataro47@globo.com,Miles,Spataro,New York,14,rUJIzF
elissandrini48@bloglines.com,Elisha,Lissandrini,Virginia,3,11l1MCsBi
hradish49@mediafire.com,Howard,Radish,Kentucky,19,CTm5WqXh
dkellogg4a@nytimes.com,Dee,Kellogg,Illinois,16,JxyXJnJg
awalklot4b@etsy.com,Alain,Walklot,Florida,6,2lE5mkuKx05y
tmarjoram4c@eepurl.com,Timmy,Marjoram,New Hampshire,24,eRPN9b
btompkins4d@bluehost.com,Bertram,Tompkins,Virginia,22,OnoG9BCd29AO
cgoodluck4e@ibm.com,Coleman,Goodluck,Pennsylvania,18,HsBETZw
cpardew4f@tumblr.com,Cleve,Pardew,Georgia,3,rRNARCdtBMv
alambis4g@patch.com,Asher,Lambis,North Carolina,15,SGVGXHCNTj
llawman4h@nifty.com,Lita,Lawman,Nebraska,7,mMIsUj
afolks4i@harvard.edu,Anatola,Folks,Florida,14,cwXHjuOvw58x
gsalandino4j@xing.com,Garrick,Salandino,Texas,14,bE47dW1SnH
dbould4k@g.co,Deena,Bould,Oklahoma,22,BRUatL
aroutley4l@newyorker.com,Annora,Routley,Texas,11,HIwyxj9c
drussell4m@homestead.com,Dannie,Russell,West Virginia,13,acllX6ACB
kdoerren4n@mit.edu,Karoly,Doerren,Texas,25,hEYoYF5d4SnL
lmatignon4o@weather.com,Lexis,Matignon,Minnesota,2,HiR9YZXJ
sovise4p@wordpress.org,Sofie,Ovise,Virginia,13,0iijda3lWzU
gjewkes4q@addtoany.com,Galen,Jewkes,California,22,gptqs5oLRt4
mbyrth4r@apple.com,Mayne,Byrth,Pennsylvania,20,adKnf5je
vhailes4s@nba.com,Vevay,Hailes,Massachusetts,11,51GGQun
lgeorger4t@pbs.org,Lynne,Georger,Washington,17,9roVLPPVr2f
mmcevay4u@devhub.com,Melba,McEvay,Utah,7,d88CcUd
henion4v@twitter.com,Hube,Enion,Ohio,10,RM9iNK
ldailey4w@barnesandnoble.com,Lilias,Dailey,Georgia,2,4ndaOiQx
brishbrook4x@wordpress.org,Berget,Rishbrook,Virginia,2,5KWRYZF5z
tkinghorne4y@bing.com,Thane,Kinghorne,Virginia,24,tPfNoaVq2ho
cthibodeaux4z@google.it,Cordula,Thibodeaux,Texas,6,ZVhwViL7QGi
hhackford50@marriott.com,Hollyanne,Hackford,Maryland,12,43JgBqt
gtwyning51@ibm.com,Gabriel,Twyning,Texas,16,QLICiUD5
pbenoy52@mozilla.com,Peria,Benoy,Maryland,10,3YLcfWuCv
lshirrell53@upenn.edu,Lyndsay,Shirrell,Texas,3,KtLq5WuQAy
mshannahan54@gov.uk,Meyer,Shannahan,California,6,HP1v5d6M4
mzapatero55@rediff.com,Melonie,Zapatero,New York,13,M9hyPj
asarfati56@timesonline.co.uk,Asa,Sarfati,Arkansas,5,JpqUVFQlG1
kcastard57@cafepress.com,Keen,Castard,Massachusetts,25,UQYeneHN9
smanon58@list-manage.com,Sherri,Manon,Wisconsin,8,Ywx5REip14kf
ggreenall59@g.co,Gabriel,Greenall,Arizona,23,KdiSYzfP
rdedon5a@adobe.com,Rog,Dedon,Kansas,13,vu7tvilV0e
rjenicek5b@cmu.edu,Radcliffe,Jenicek,Tennessee,6,4lrXkLhSOCr
rsamson5c@tiny.cc,Robbi,Samson,Virginia,14,xRVxr04v
mcowburn5d@cnbc.com,Micheil,Cowburn,Washington,2,bq6wt51SRsS
bpessolt5e@merriam-webster.com,Bram,Pessolt,Florida,22,NPifBjhoh
aareles5f@php.net,Alfreda,Areles,Kentucky,1,B7s3VEEf3X
ccerro5g@delicious.com,Catie,Cerro,Arizona,23,kzG6fx
hwoof5h@sbwire.com,Harry,Woof,California,7,bGWSKYHzN41
jdemicoli5i@livejournal.com,Jeanie,Demicoli,Kentucky,17,IT1uL0JEbxw6
ublunt5j@columbia.edu,Ulrika,Blunt,Texas,7,bWnI45vbX
nchaff5k@blinklist.com,Nessi,Chaff,Delaware,14,boMXVrYO
nblasgen5l@parallels.com,Neilla,Blasgen,New Mexico,20,fJQ13uxl
hcondy5m@domainmarket.com,Hestia,Condy,Wisconsin,5,4m52cuic
iblindmann5n@gov.uk,Irving,Blindmann,California,1,qGRfMAD
dtremble5o@about.me,Dud,Tremble,District of Columbia,18,00g3L4Tyv6
byakobovitz5p@engadget.com,Bianka,Yakobovitz,New York,12,NZoomeo
segle5q@ucoz.ru,Sibylle,Egle,California,8,QTwh5wBSd
mguiu5r@myspace.com,Maximilian,Guiu,Wisconsin,19,xs8dwmh9C9u
hallewell5s@clickbank.net,Hildagard,Allewell,Virginia,1,0aJqq2L
rwhall5t@prweb.com,Rosanne,Whall,Michigan,23,mBIs9hCrIy
clowery5u@europa.eu,Cameron,Lowery,Missouri,3,0jaw2H
gguillem5v@multiply.com,Glynis,Guillem,Texas,3,qZ5QdhS
shargitt5w@chicagotribune.com,Sela,Hargitt,Wisconsin,17,qXNcnG
dgully5x@ihg.com,Dore,Gully,Illinois,1,Cxz20D34
ssavidge5y@geocities.com,Sashenka,Savidge,New Jersey,1,ANGDHZb7LL
rdunmuir5z@wiley.com,Rickard,Dunmuir,Connecticut,10,Z4hUEb3q
uedinburough60@wikia.com,Ulrike,Edinburough,Indiana,23,XJzPqQrEDJ
agirardini61@artisteer.com,Ario,Girardini,Ohio,12,bcVGuidcjMo
hsimonite62@amazon.com,Herb,Simonite,Georgia,24,cNxJrv
dclaesens63@ucsd.edu,Dagny,Claesens,Texas,20,qcJIWgFo4
vcossom64@fastcompany.com,Venita,Cossom,Ohio,9,PrgUWOF5JXsB
kaldwich65@tinyurl.com,Kate,Aldwich,South Carolina,21,fBNqDu
uphillpot66@parallels.com,Uta,Phillpot,Pennsylvania,9,EhhDbJqbqpK
anewhouse67@uol.com.br,Aida,Newhouse,North Carolina,7,VVCkmPV
mgaltone68@jigsy.com,Matty,Galtone,California,23,DLFNTJG
dcreasy69@si.edu,Daria,Creasy,New York,7,Zd2hYgY
bkiff6a@huffingtonpost.com,Bess,Kiff,Texas,12,Y2GXC1k7R2
lmeasures6b@uol.com.br,Lurlene,Measures,District of Columbia,14,DmpjARl
zkubczak6c@sciencedirect.com,Zaccaria,Kubczak,New York,24,woCGHH1h
aolphert6d@cdbaby.com,Alastair,Olphert,Washington,21,BoHsha
jstailey6e@netvibes.com,Juieta,Stailey,Massachusetts,5,u20MDPN
mboal6f@ifeng.com,Mozes,Boal,Texas,16,rYNXXhZ
cmccallum6g@psu.edu,Calli,McCallum,Illinois,8,31Fvfql
tiianon6h@house.gov,Tymothy,Iianon,Kansas,18,uk78RY4e
tkeers6i@ed.gov,Tomasina,Keers,Maryland,12,4FPUbPWwe9
fofinan6j@globo.com,Felita,O' Finan,Pennsylvania,16,I6ovsoli7
jshevelin6k@state.gov,Jonathan,Shevelin,Texas,25,5twS3ySCixfu
mkingwell6l@abc.net.au,Magdaia,Kingwell,Illinois,9,SYAFsJhqFge
csinnat6m@miibeian.gov.cn,Claribel,Sinnat,New York,25,kbeotoT4jr
aalcide6n@bravesites.com,Aileen,Alcide,California,19,JzWoytzn
iyakuntsov6o@disqus.com,Irene,Yakuntsov,Illinois,23,YMUsZDK6r4i
blensch6p@nymag.com,Barbette,Lensch,Utah,5,iPa5Rnj0i4F
wbaldack6q@indiatimes.com,Wynny,Baldack,Florida,8,5S00bCfKP
cblaszczyk6r@livejournal.com,Chrisse,Blaszczyk,South Carolina,9,jycjJsqccbi3
dmitchel6s@slideshare.net,Dalli,Mitchel,South Carolina,13,Lx1ojRckIZ9
mamos6t@cbc.ca,Madella,Amos,Texas,20,ruIxo6T8
crenouf6u@nba.com,Carlene,Renouf,California,20,NPYpMOq
pwedderburn6v@hp.com,Polly,Wedderburn,Texas,23,1ICIVw
cschankelborg6w@dropbox.com,Corrie,Schankelborg,Colorado,9,EWqUr99
laxford6x@latimes.com,Lyndsey,Axford,Louisiana,18,IoJkvt
stift6y@nba.com,Shelli,Tift,New York,9,E7u28a
kstebbings6z@biblegateway.com,Kimberly,Stebbings,Indiana,16,JAQSSwciA0vn
oscotson70@free.fr,Odille,Scotson,Tennessee,10,WCUGktO
stwentyman71@posterous.com,Steve,Twentyman,Arkansas,19,hJBARxG1EoZ
hlabro72@ed.gov,Harmonie,Labro,Nebraska,5,0G5G0oq
ggomery73@ask.com,Garfield,Gomery,New York,23,DwWM4z
jschankel74@domainmarket.com,Jobyna,Schankel,South Dakota,20,bk6tL7
ltorns75@odnoklassniki.ru,Leticia,Torns,California,18,N6ei041vB3Kf
smorhall76@marriott.com,Sharleen,Morhall,Minnesota,15,9UQnoOORzOTs
scudihy77@ifeng.com,Steve,Cudihy,Florida,3,pO4YTY
dhaydn78@issuu.com,Dewain,Haydn,Florida,11,3mJ5g2OGSq3c
afarnes79@businessweek.com,Alisa,Farnes,Arkansas,1,4xQchqFtY
bmckelvey7a@mapy.cz,Bradley,McKelvey,Michigan,22,pltMgzi
igould7b@blogs.com,Ingaberg,Gould,Minnesota,3,mFKxPvA5Zc
dluxen7c@wix.com,Duane,Luxen,Texas,5,V1VIkwPe3
gsiddell7d@networkadvertising.org,Gerta,Siddell,Michigan,4,NI8YVXDN
cgrzegorek7e@cnbc.com,Ches,Grzegorek,Arizona,4,8YGtruc
nmcareavey7f@fema.gov,Nelli,McAreavey,Hawaii,23,NqJxyFc
ephilp7g@scribd.com,Erma,Philp,Ohio,5,mVabK8P
jstopford7h@shinystat.com,Jillian,Stopford,Ohio,1,mLjVjRIMitKh
ssoffe7i@prnewswire.com,Sammy,Soffe,Iowa,22,WoK2qqg
kkubatsch7j@ebay.com,Kirk,Kubatsch,Nevada,14,lWiTeRGhml3
delsby7k@studiopress.com,Delmer,Elsby,Texas,24,3Pwige11P
ksampson7l@nasa.gov,Kippy,Sampson,Alaska,11,FzsPwuVFkIN
srenney7m@paginegialle.it,Shermie,Renney,Washington,21,bXyxG1mPzW
ltuckett7n@pagesperso-orange.fr,Lexi,Tuckett,Texas,22,jQR1pL
agreenstock7o@163.com,Alfred,Greenstock,Georgia,17,aGU26ZMF
boflynn7p@arstechnica.com,Brandyn,O'Flynn,Washington,6,36QLhKo
cfeek7q@taobao.com,Candace,Feek,Florida,2,7AJmF3Tg
kdavidowsky7r@merriam-webster.com,Karole,Davidowsky,New Mexico,7,nXSbr6o5
cbulle7s@zimbio.com,Christophe,Bulle,Florida,11,34W4DqBKl
psidlow7t@naver.com,Penelope,Sidlow,California,23,GIlwYT84Iur
edrinkhill7u@a8.net,Em,Drinkhill,Missouri,16,AFbqQkhyr1rW
hesson7v@oaic.gov.au,Herc,Esson,Virginia,11,z5TYPzNK0
jelleton7w@domainmarket.com,Jemie,Elleton,California,24,qs6dinGY
mocuddie7x@eventbrite.com,Marcellina,O'Cuddie,Virginia,23,fsGvt1
cmaceveley7y@bing.com,Caressa,MacEveley,Illinois,12,l5Tzj5MPKxse
bpomeroy7z@xrea.com,Burl,Pomeroy,Texas,4,7jlzsNHk6w
edrowsfield80@rambler.ru,Erastus,Drowsfield,Texas,20,N4Booz
pplanks81@lulu.com,Penny,Planks,New York,3,y6fPt1
dtombling82@miitbeian.gov.cn,Dion,Tombling,Illinois,8,DySOkp
lratie83@wp.com,Leodora,Ratie,West Virginia,9,Y4061VAd
lworvell84@elegantthemes.com,Linn,Worvell,Georgia,16,nO2LiCPb
vrahill85@ucla.edu,Vidovic,Rahill,Massachusetts,13,sFYWd5pKk
mcrumly86@sciencedirect.com,Marcos,Crumly,West Virginia,15,IlLg03p7
tconerding87@apple.com,Teodor,Conerding,Nevada,8,hHr4MG2
dganing88@aboutads.info,Dominique,Ganing,Texas,17,Jvor2sbIZJ7
kranklin89@mozilla.com,Keri,Ranklin,Texas,20,JV1agPFglw7X
tjaffray8a@guardian.co.uk,Turner,Jaffray,New Mexico,19,bO75MbzP9bmE
nsmitten8b@hhs.gov,Nichols,Smitten,Washington,12,XtOsD8
dshayler8c@reverbnation.com,Dot,Shayler,New York,3,UCEwV4k0wQ0
clochhead8d@google.com,Codi,Lochhead,Florida,8,ab0PQg7mScI
apetty8e@google.es,Abram,Petty,New Jersey,2,9s2pnL
cnaisbet8f@mayoclinic.com,Chauncey,Naisbet,Indiana,19,qKgAbW4Vl70
abirdsey8g@mtv.com,Alexandr,Birdsey,New York,1,cegDOqSGqwe1
lverduin8h@ox.ac.uk,Lacie,Verduin,Georgia,12,g3OhEvH7l1
jhaughey8i@theatlantic.com,Jewelle,Haughey,Ohio,8,MHuRmZFxF
mlaurie8j@ezinearticles.com,Marissa,Laurie,California,16,SgyIwc7d
aburgess8k@rambler.ru,Adamo,Burgess,Texas,9,FE6RlQ3
womullaney8l@is.gd,Wilhelmine,O'Mullaney,West Virginia,22,iZEejfva1U
cfiggen8m@yellowpages.com,Cristin,Figgen,Massachusetts,2,oxN0VlHpC
glere8n@soup.io,Gratia,Lere,Tennessee,19,TlWbHAw
opryor8o@godaddy.com,Orazio,Pryor,Pennsylvania,5,n82EHKD
crubra8p@boston.com,Caresse,Rubra,Pennsylvania,3,QUeNsJqT3
alagden8q@adobe.com,Ameline,Lagden,Pennsylvania,16,vxLMK85hm7pK
cseres8r@miitbeian.gov.cn,Ciro,Seres,Florida,10,IKa7ag
rmckevany8s@craigslist.org,Ronald,McKevany,District of Columbia,7,pFQ3y08
dbuist8t@independent.co.uk,Dorrie,Buist,California,15,NQh3rhrvhNT
hritter8u@nasa.gov,Harlene,Ritter,California,19,TTMZJCHsE
vmcginny8v@hibu.com,Von,McGinny,Missouri,12,BLFUS4P
rglenny8w@fotki.com,Ramon,Glenny,California,8,BAf9xi
eboydon8x@w3.org,Editha,Boydon,Kentucky,1,bMPTO7NYJu
bgovan8y@sfgate.com,Brad,Govan,North Carolina,19,hTvybr3Suy
tmulder8z@skype.com,Theodore,Mulder,Texas,25,JJRNxG
lbanghe90@uol.com.br,Lucine,Banghe,New York,19,BHSlmVoUFy
nfransemai91@deliciousdays.com,Nedi,Fransemai,Texas,16,Zh1VFndn5k
lkrysztowczyk92@people.com.cn,Lynda,Krysztowczyk,Washington,13,hRguBem
njays93@hao123.com,Nedda,Jays,Texas,4,0wmz0KA
wtwitchings94@wikipedia.org,Wash,Twitchings,Michigan,25,FpSPqVgrr
sfricke95@usgs.gov,Sibelle,Fricke,New Mexico,19,1bxRQRQlGS1
aelleyne96@marriott.com,Albert,Elleyne,Colorado,18,DPksuTfcpkXn
bkeep97@newsvine.com,Blinny,Keep,Virginia,21,9ID2cXw
tblanch98@mlb.com,Theodor,Blanch,South Dakota,25,EVh0dfrROLP
lthorneloe99@weather.com,Lucille,Thorneloe,Texas,25,XIVQ5ab7vCht
sabramski9a@deviantart.com,Sianna,Abramski,New York,11,NFMw0FVoT
cclappson9b@lulu.com,Currie,Clappson,Connecticut,3,Y8yDYOWBZzl
hdavidovitch9c@weebly.com,Harley,Davidovitch,Washington,17,kgccG92
djaquiss9d@netlog.com,Daryn,Jaquiss,Oklahoma,11,CDmoNcJ78
lmattiassi9e@cisco.com,Lissa,Mattiassi,Connecticut,7,BHpCa8MH
akirby9f@mozilla.org,Arabele,Kirby,Nevada,17,i6AZtAsmuk82
nmeegin9g@networksolutions.com,Natasha,Meegin,California,17,6WfEBJHCB
hcuree9h@columbia.edu,Hugo,Curee,Virginia,1,lnEYLt
bdecarolis9i@newyorker.com,Binnie,De Carolis,California,14,pwpEJ3oliA
croony9j@comsenz.com,Cleve,Roony,Tennessee,14,H8X3it1gp
cklemt9k@cocolog-nifty.com,Cherice,Klemt,Florida,6,TeYxZOVW4x
hnitto9l@blogspot.com,Haily,Nitto,Pennsylvania,21,6RknREMVrcI
mdoyley9m@fc2.com,Marris,Doyley,Michigan,6,V2n3dC3
flett9n@dedecms.com,Francine,Lett,Texas,18,FcKeu2vV
amerryman9o@microsoft.com,Amory,Merryman,North Carolina,24,3FTXQnBo
pcowpland9p@about.com,Pasquale,Cowpland,California,19,Sl5QdrtP
sbathurst9q@ameblo.jp,Salem,Bathurst,Pennsylvania,23,epeRzbF8IZBA
sliver9r@nbcnews.com,Selle,Liver,District of Columbia,23,9pbMYdzFS
aletertre9s@networkadvertising.org,Arvie,Letertre,Texas,4,3FBo363UYja
jmccurlye9t@ihg.com,Juliette,McCurlye,California,20,8FaXyC6D5
qweson9u@vkontakte.ru,Quincy,Weson,Texas,14,yakJ4BJF1D
dbech9v@arstechnica.com,Delinda,Bech,California,24,86coEFSlmNFO
djorg9w@jimdo.com,Dylan,Jorg,Missouri,19,UdZIoWefL
fnorthin9x@imageshack.us,Frederic,Northin,Virginia,22,hD1pNt
aamiss9y@vimeo.com,Allison,Amiss,New Mexico,8,FN6yWqs1pC
fduferie9z@whitehouse.gov,Faina,Duferie,Nevada,2,EJ30KOLQRY6L
hsimionescua0@google.ru,Helge,Simionescu,Michigan,20,QAT0AhgS
kferreaa1@icio.us,Klara,Ferrea,Pennsylvania,19,Xq3vDeirk5B5
rmacphadena2@rakuten.co.jp,Roxanna,MacPhaden,Iowa,1,T4C5E73Ix
eandriolia3@technorati.com,Edy,Andrioli,Wisconsin,7,qh1JCmj2
jlegueya4@independent.co.uk,Joe,Leguey,California,11,noHynwtz
fdumsdaya5@ed.gov,Felicdad,Dumsday,Oregon,24,OaeTeKDMldV
hstolla6@dot.gov,Helenelizabeth,Stoll,New York,13,ChT9bleE
erabla7@sourceforge.net,Eberto,Rabl,Louisiana,3,ICDmPbcC3
tmyderscougha8@miibeian.gov.cn,Toddy,Myderscough,Pennsylvania,2,a9UlY83k1bD
cmontforda9@tripadvisor.com,Chadwick,Montford,Nevada,13,xGbYHNMK8l
jmallenaa@bbb.org,Jewel,Mallen,South Carolina,16,ZlBBYgXBM7U
adevonportab@boston.com,Allsun,Devonport,Tennessee,15,VfbdSRx6oQR
rhickissonac@samsung.com,Rubetta,Hickisson,Minnesota,5,hTRLxt3Wd
jfoxonad@jimdo.com,Josefa,Foxon,District of Columbia,21,SgOpZv
dsilcocksae@a8.net,Daveen,Silcocks,Arkansas,22,hwWcJ5ob7JOF
dlefeveraf@msu.edu,Dorey,Lefever,California,10,NNQkoJ
cstolleag@sakura.ne.jp,Carolina,Stolle,Georgia,4,3dCoiNsZlmn
wvilesah@army.mil,Whit,Viles,Mississippi,17,q5xxZjF1miv5
amcgroartyai@e-recht24.de,Agace,McGroarty,Florida,13,ktSfL8ZKpnf7
jbockhaj@typepad.com,Jacki,Bockh,Pennsylvania,22,F7fLYi
kbampfordak@cdbaby.com,Krystalle,Bampford,Virginia,9,IaE2ELxOA
dtulleyal@miitbeian.gov.cn,Dorena,Tulley,California,20,adrvvaY
telkingtonam@dropbox.com,Trumann,Elkington,Colorado,5,pFJ4JL
jcapnoran@pagesperso-orange.fr,Juline,Capnor,Pennsylvania,14,tHPn0Xzs5Gn
ltitcomao@guardian.co.uk,Leodora,Titcom,New York,4,VxSs1k2q
arayap@smugmug.com,Alison,Ray,New York,14,pZq96Us
jkinnaraq@unblog.fr,Jeanine,Kinnar,Minnesota,5,lUgTje
cleveretar@dmoz.org,Cacilia,Leveret,New York,21,3lxnL0WFs
rbourthouloumeas@prlog.org,Rik,Bourthouloume,Missouri,23,C9pfxH0eU
bpiggenat@indiatimes.com,Babbie,Piggen,Florida,13,KN8bmB2
djakobssonau@opera.com,Devi,Jakobsson,New Jersey,20,eMw6VHu
imallonav@drupal.org,Inessa,Mallon,Connecticut,1,MF25gXheDyn
gmackartanaw@cdc.gov,Gabrielle,MacKartan,Ohio,14,4jBi0kzMTQ1n
dcrewsax@google.ca,Donalt,Crews,North Carolina,24,eC5d30
lgwionethay@toplist.cz,Leigh,Gwioneth,Michigan,16,JutGQzodO
gbecraftaz@telegraph.co.uk,Giuditta,Becraft,California,17,BhFJPEd
spurkinsb0@slashdot.org,Simeon,Purkins,Pennsylvania,14,PuoojJkY
mchmarnyb1@mashable.com,Maible,Chmarny,Texas,19,LqIzf4hi
mayreb2@studiopress.com,Misha,Ayre,New York,10,0gptmJUvXtjw
kleipnikb3@exblog.jp,Katrine,Leipnik,West Virginia,12,Rrl7LT
dwollardb4@eventbrite.com,Darline,Wollard,Pennsylvania,14,9Ay0k3klvwn
klimonb5@google.de,Kylen,Limon,Wisconsin,1,6u8dshI1P
dklewib6@netlog.com,Debbi,Klewi,Kentucky,7,JW2rp2uvSOWk
espinellab7@army.mil,Emera,Spinella,Florida,19,OHfwVAYHR5
sfellenorb8@blinklist.com,Shina,Fellenor,Pennsylvania,21,BdQirEFoVht
sklampkb9@uiuc.edu,Stanislaus,Klampk,District of Columbia,16,dPLVdKXBMZO9
ohasseyba@liveinternet.ru,Odessa,Hassey,New York,16,wisBgJGHxFlx
twordleybb@soundcloud.com,Tracee,Wordley,Texas,6,sVkF1gJrOpm
salgatebc@google.com,Sholom,Algate,Utah,18,T5Py3YjP
jstrephanbd@fotki.com,Janna,Strephan,Massachusetts,16,kjAKec
kcrinagebe@vimeo.com,Kimble,Crinage,Texas,20,iuH14tLM
gfaustianbf@scribd.com,Glen,Faustian,South Carolina,6,yFTMld0
cdacresbg@blogger.com,Clerc,Dacres,New York,2,WmGXHNfdKxI8
mdalgarnobh@vkontakte.ru,Maria,Dalgarno,Virginia,1,eoXigmRlUlq
theadsbi@amazon.co.uk,Tasha,Heads,Arizona,15,1098zQG5wxGi
bgrassibj@google.nl,Bonnibelle,Grassi,California,25,kEQm92W6MYU
cbaggsbk@microsoft.com,Carmella,Baggs,New York,12,vNUC4C8oj9I
ngifkinsbl@cpanel.net,Nananne,Gifkins,Louisiana,18,gvWo8H
cmcpheebm@plala.or.jp,Cece,McPhee,Arizona,2,XyCyiLiCGmq
clivardbn@dailymotion.com,Coleman,Livard,Florida,14,CSOcDA8iw8
slawleffbo@1688.com,Stormi,Lawleff,New York,7,Z0QmYRVKxzJ
tgerrietzbp@live.com,Thebault,Gerrietz,Connecticut,2,ZhqN7llxc0
ssegravebq@bigcartel.com,Sharron,Segrave,New Mexico,5,8VWMi43Utp
tspriggingbr@google.es,Tamiko,Sprigging,New Hampshire,1,VYcG0fH
scotesfordbs@wordpress.com,Steward,Cotesford,Illinois,25,3mMNxt6lQn
cpolhillbt@nationalgeographic.com,Corrie,Polhill,Texas,2,IwrBVr77xJq
fwheldonbu@bloglines.com,Farica,Wheldon,Ohio,1,Q97DOBsoU
gsimminsbv@bravesites.com,Geri,Simmins,Colorado,6,hhVVFvDQ
lswanborrowbw@amazon.de,Loella,Swanborrow,Arkansas,18,O4DthIkus
seliezbx@flavors.me,Simmonds,Eliez,Kansas,14,vFA5nN
echellamby@infoseek.co.jp,Elwira,Chellam,Georgia,4,iqBvHo8yfhg5
lgellettbz@disqus.com,Lynnette,Gellett,Maryland,2,BPFcrZXKO
lmickac0@tinyurl.com,Lura,Micka,District of Columbia,11,7W4lMaFt
ktrainc1@phpbb.com,Katherina,Train,Washington,17,yL3AWN
ldefewc2@bluehost.com,Lennie,De Few,Alabama,2,MLycH0m59TUe
mkintzelc3@smugmug.com,Marya,Kintzel,Michigan,20,emYMytX
cperillioc4@gmpg.org,Camille,Perillio,California,20,92NJztt0snTf
ekhilkovc5@wordpress.org,Eli,Khilkov,Mississippi,8,Dya7NykKsJj2
wcarpmilec6@meetup.com,Wendeline,Carpmile,Michigan,4,Dz3AveE
bmchalec7@answers.com,Brandie,McHale,New York,19,2e8ca2RBzas
ipooleyc8@t-online.de,Ira,Pooley,Texas,5,yTaZqFJgF7A
scoakerc9@comcast.net,Sherlocke,Coaker,Texas,1,ZPDUUjOzgq
bveazeyca@ebay.com,Branden,Veazey,Arizona,19,6PNiitmn
dkedsliecb@tmall.com,Darcy,Kedslie,Virginia,25,Q5wAYa0m
mmothcc@census.gov,Micky,Moth,Indiana,18,7ydOjjjD
honslowcd@virginia.edu,Hendrik,Onslow,Pennsylvania,22,WLJ12o3ps7
ghagyardce@skype.com,Goldia,Hagyard,New York,24,8n67A0d
ccondycf@xrea.com,Cale,Condy,Colorado,15,4WdTDQz
kmontezcg@com.com,Karena,Montez,Oklahoma,4,VDbZa08UdGOI
tkidstonch@ycombinator.com,Tybi,Kidston,Texas,24,ciudyi4R7
jweinsci@youku.com,Josie,Weins,Indiana,10,6eAnZf18
edulantycj@goodreads.com,Erminie,Dulanty,Michigan,19,cst4dw
egentyck@google.de,Erie,Genty,Texas,7,vG7ozaz
bullyottcl@themeforest.net,Bernadine,Ullyott,New York,18,LVWuXQXrEB8
ndobelcm@cbc.ca,Nickolas,Dobel,Minnesota,10,lkV2Nhtowon
cfippecn@bbb.org,Cathleen,Fippe,Washington,25,Pm13kXxNZmD8
hfidoeco@google.de,Hally,Fidoe,Texas,18,ebj7KM
hdevonscp@symantec.com,Hermon,Devons,Ohio,18,B9GY6amnJVZz
hpaulercq@xrea.com,Hirsch,Pauler,Pennsylvania,9,Zbnndx98
bgagiecr@blog.com,Brigit,Gagie,Michigan,6,ZRhSZ1
tdelioncs@comsenz.com,Tadeo,Delion,California,10,NvK6DYhyNHNw
dandrivotct@cloudflare.com,Dion,Andrivot,Louisiana,3,lFbyIi3B
yloinescu@oakley.com,Yelena,Loines,New York,13,Madh6d
rmanachcv@domainmarket.com,Rodrick,Manach,Texas,10,BzRAcb
talpescw@mozilla.com,Trent,Alpes,Minnesota,2,cISLiDTD
ralywincx@ustream.tv,Randy,Alywin,Arizona,11,EV0E0tAu
gdarwentcy@xrea.com,Gerri,Darwent,California,10,VLT3SFR2fdd
jsturzakercz@mapy.cz,Jaquenetta,Sturzaker,Missouri,18,NRmMN49vamUe
mmayned0@newsvine.com,Marysa,Mayne,Pennsylvania,4,GwUwTVcW3Ho2
hoscolleed1@google.ru,Herschel,O'Scollee,Virginia,7,VOK7XYAID9g5
tcrowed2@noaa.gov,Tabitha,Crowe,Arkansas,19,av9JGpz6Dc
asprulld3@geocities.jp,Avivah,Sprull,California,12,KU1lXskBDx
echattawayd4@army.mil,Enrichetta,Chattaway,Texas,15,yZEtCzIFB
jkuzemkad5@dell.com,Jobye,Kuzemka,Nevada,24,cSJzY4hnp
athundermand6@hostgator.com,Augustine,Thunderman,Nevada,19,pWXjrLA
ldunsleved7@bloglovin.com,Lucais,Dunsleve,Illinois,24,5QDPCBZH
gcockertond8@illinois.edu,Genna,Cockerton,Nevada,21,5VEtOFyFVUF
abenfieldd9@amazonaws.com,Abbi,Benfield,Pennsylvania,4,woVibYz8S5
lflooksda@globo.com,Lorita,Flooks,Oklahoma,22,spVasdWW32My
gphillcockdb@time.com,Gamaliel,Phillcock,Arizona,15,Q7qaZR
gdowtydc@paypal.com,Gwenny,Dowty,New Jersey,10,RrvkkI
oholtawaydd@sogou.com,Ogdon,Holtaway,Pennsylvania,10,8XQfEoQVHm1
drikelde@theguardian.com,Donn,Rikel,Illinois,18,LwOU60eem
szecchiidf@samsung.com,Sherline,Zecchii,Washington,24,MJbQdBLG3p
timosdg@hc360.com,Temple,Imos,Arizona,25,2C9FEvYpL
kcaurahdh@miibeian.gov.cn,Karlyn,Caurah,Missouri,11,BdUls9UIGH
aelleraydi@youtu.be,Aile,Elleray,Texas,16,NNnabFg9WQhV
cgheraldidj@sbwire.com,Corrina,Gheraldi,Virginia,8,AIuS3pLKsD
gmirandodk@vk.com,Gillian,Mirando,California,25,IGJmC5QM
tnicholasdl@guardian.co.uk,Tonia,Nicholas,Idaho,5,bxpIYRLMje9g
eneumanndm@shop-pro.jp,Etta,Neumann,Texas,24,iX2ZYSvUzXi
bmccamishdn@csmonitor.com,Byram,McCamish,California,7,mfSVkZHQ0
dcallumdo@topsy.com,Dot,Callum,Texas,5,FWC9U6L7yls
mphizackarleydp@over-blog.com,Melesa,Phizackarley,Maryland,19,vtiQm34xB
ivitalldq@ca.gov,Ingeberg,Vitall,California,14,FyTIQO8
jmcgaugheydr@symantec.com,Joanne,Mc Gaughey,Connecticut,25,Y8foK0XZ
jprobertds@examiner.com,Jannelle,Probert,Louisiana,20,nmFKAq
schoatdt@youku.com,Sue,Choat,Georgia,22,lz8AsllfUS
kfurlongedu@lycos.com,Kristin,Furlonge,California,6,4RBpHkHM
ajovovicdv@behance.net,Aida,Jovovic,Florida,25,2xT9ub
